Date;CDX_Index;ITX_Index
03/01/2005;0.36;0.44
04/01/2005;0.36;0.45
05/01/2005;0.37;0.46
06/01/2005;0.37;0.47
07/01/2005;0.37;0.47
10/01/2005;0.37;0.46
11/01/2005;0.37;0.47
12/01/2005;0.37;0.47
13/01/2005;0.36;0.47
14/01/2005;0.37;0.48
17/01/2005;0.37;0.48
18/01/2005;0.37;0.48
19/01/2005;0.37;0.49
20/01/2005;0.37;0.5
21/01/2005;0.36;0.49
24/01/2005;0.36;0.49
25/01/2005;0.35;0.48
26/01/2005;0.34;0.47
27/01/2005;0.33;0.47
28/01/2005;0.34;0.47
31/01/2005;0.33;0.47
01/02/2005;0.32;0.46
02/02/2005;0.31;0.45
03/02/2005;0.31;0.45
04/02/2005;0.31;0.45
07/02/2005;0.3;0.44
08/02/2005;0.3;0.45
09/02/2005;0.3;0.45
10/02/2005;0.3;0.46
11/02/2005;0.3;0.45
14/02/2005;0.3;0.45
15/02/2005;0.3;0.45
16/02/2005;0.3;0.44
17/02/2005;0.3;0.44
18/02/2005;0.3;0.44
21/02/2005;0.3;0.44
22/02/2005;0.3;0.45
23/02/2005;0.31;0.45
24/02/2005;0.3;0.44
25/02/2005;0.3;0.44
28/02/2005;0.3;0.44
01/03/2005;0.29;0.45
02/03/2005;0.29;0.44
03/03/2005;0.28;0.43
04/03/2005;0.28;0.44
07/03/2005;0.28;0.42
08/03/2005;0.28;0.41
09/03/2005;0.29;0.31
10/03/2005;0.29;0.42
11/03/2005;0.29;0.43
14/03/2005;0.29;0.43
15/03/2005;0.29;0.44
16/03/2005;0.31;0.46
17/03/2005;0.31;0.46
18/03/2005;0.31;0.45
21/03/2005;0.37;0.45
22/03/2005;0.38;0.45
23/03/2005;0.37;0.48
24/03/2005;0.37;0.47
25/03/2005;0.37;0.47
28/03/2005;0.37;0.46
29/03/2005;0.37;0.47
30/03/2005;0.38;0.49
31/03/2005;0.39;0.49
01/04/2005;0.4;0.51
04/04/2005;0.43;0.53
05/04/2005;0.41;0.51
06/04/2005;0.39;0.48
07/04/2005;0.38;0.48
08/04/2005;0.38;0.51
11/04/2005;0.4;0.51
12/04/2005;0.4;0.5
13/04/2005;0.41;0.5
14/04/2005;0.42;0.52
15/04/2005;0.45;0.58
18/04/2005;0.48;0.59
19/04/2005;0.46;0.57
20/04/2005;0.43;0.54
21/04/2005;0.41;0.55
22/04/2005;0.41;0.52
25/04/2005;0.41;0.54
26/04/2005;0.42;0.54
27/04/2005;0.43;0.54
28/04/2005;0.43;0.56
29/04/2005;0.45;0.59
02/05/2005;0.45;0.59
03/05/2005;0.45;0.6
04/05/2005;0.44;0.6
05/05/2005;0.42;0.56
06/05/2005;0.44;0.61
09/05/2005;0.46;0.61
10/05/2005;0.5;0.65
11/05/2005;0.54;0.72
12/05/2005;0.52;0.7
13/05/2005;0.54;0.73
16/05/2005;0.57;0.76
17/05/2005;0.6;0.76
18/05/2005;0.57;0.78
19/05/2005;0.51;0.7
20/05/2005;0.49;0.65
23/05/2005;0.48;0.64
24/05/2005;0.49;0.64
25/05/2005;0.46;0.63
26/05/2005;0.43;0.6
27/05/2005;0.43;0.57
30/05/2005;0.42;0.57
31/05/2005;0.43;0.58
01/06/2005;0.43;0.6
02/06/2005;0.4;0.56
03/06/2005;0.4;0.55
06/06/2005;0.41;0.56
07/06/2005;0.41;0.56
08/06/2005;0.41;0.56
09/06/2005;0.42;0.58
10/06/2005;0.41;0.57
13/06/2005;0.41;0.57
14/06/2005;0.4;0.57
15/06/2005;0.39;0.56
16/06/2005;0.4;0.56
17/06/2005;0.4;0.56
20/06/2005;0.4;0.57
21/06/2005;0.39;0.57
22/06/2005;0.39;0.56
23/06/2005;0.39;0.58
24/06/2005;0.41;0.61
27/06/2005;0.43;0.62
28/06/2005;0.41;0.62
29/06/2005;0.4;0.59
30/06/2005;0.4;0.6
01/07/2005;0.4;0.6
04/07/2005;0.39;0.6
05/07/2005;0.39;0.6
06/07/2005;0.39;0.59
07/07/2005;0.42;0.6
08/07/2005;0.39;0.6
11/07/2005;0.37;0.58
12/07/2005;0.37;0.58
13/07/2005;0.37;0.58
14/07/2005;0.36;0.57
15/07/2005;0.36;0.55
18/07/2005;0.36;0.55
19/07/2005;0.36;0.55
20/07/2005;0.37;0.55
21/07/2005;0.36;0.54
22/07/2005;0.36;0.53
25/07/2005;0.36;0.53
26/07/2005;0.36;0.53
27/07/2005;0.36;0.52
28/07/2005;0.36;0.51
29/07/2005;0.36;0.51
01/08/2005;0.36;0.51
02/08/2005;0.36;0.52
03/08/2005;0.36;0.52
04/08/2005;0.36;0.53
05/08/2005;0.37;0.54
08/08/2005;0.37;0.54
09/08/2005;0.37;0.54
10/08/2005;0.36;0.53
11/08/2005;0.36;0.53
12/08/2005;0.36;0.52
15/08/2005;0.36;0.52
16/08/2005;0.36;0.53
17/08/2005;0.36;0.52
18/08/2005;0.36;0.52
19/08/2005;0.36;0.51
22/08/2005;0.35;0.51
23/08/2005;0.35;0.5
24/08/2005;0.36;0.49
25/08/2005;0.36;0.48
26/08/2005;0.36;0.49
29/08/2005;0.36;0.49
30/08/2005;0.37;0.5
31/08/2005;0.37;0.51
01/09/2005;0.37;0.51
02/09/2005;0.37;0.52
05/09/2005;0.37;0.53
06/09/2005;0.36;0.53
07/09/2005;0.36;0.5
08/09/2005;0.36;0.51
09/09/2005;0.36;0.5
12/09/2005;0.35;0.5
13/09/2005;0.35;0.5
14/09/2005;0.34;0.5
15/09/2005;0.34;0.49
16/09/2005;0.35;0.5
19/09/2005;0.35;0.5
20/09/2005;0.39;0.51
21/09/2005;0.39;0.47
22/09/2005;0.4;0.48
23/09/2005;0.39;0.47
26/09/2005;0.37;0.46
27/09/2005;0.37;0.46
28/09/2005;0.37;0.46
29/09/2005;0.37;0.46
30/09/2005;0.36;0.45
03/10/2005;0.36;0.45
04/10/2005;0.36;0.46
05/10/2005;0.37;0.46
06/10/2005;0.38;0.46
07/10/2005;0.38;0.48
10/10/2005;0.38;0.48
11/10/2005;0.38;0.48
12/10/2005;0.38;0.48
13/10/2005;0.39;0.49
14/10/2005;0.39;0.49
17/10/2005;0.38;0.49
18/10/2005;0.37;0.47
19/10/2005;0.38;0.47
20/10/2005;0.38;0.47
21/10/2005;0.38;0.48
24/10/2005;0.38;0.47
25/10/2005;0.37;0.47
26/10/2005;0.37;0.48
27/10/2005;0.38;0.48
28/10/2005;0.38;0.48
31/10/2005;0.38;0.48
01/11/2005;0.37;0.48
02/11/2005;0.37;0.48
03/11/2005;0.37;0.49
04/11/2005;0.37;0.49
07/11/2005;0.37;0.49
08/11/2005;0.37;0.49
09/11/2005;0.37;0.49
10/11/2005;0.37;0.49
11/11/2005;0.37;0.49
14/11/2005;0.37;0.5
15/11/2005;0.37;0.5
16/11/2005;0.37;0.51
17/11/2005;0.37;0.51
18/11/2005;0.37;0.51
21/11/2005;0.36;0.51
22/11/2005;0.37;0.5
23/11/2005;0.36;0.5
24/11/2005;0.36;0.5
25/11/2005;0.36;0.5
28/11/2005;0.36;0.5
29/11/2005;0.36;0.49
30/11/2005;0.35;0.49
01/12/2005;0.35;0.49
02/12/2005;0.35;0.49
05/12/2005;0.35;0.49
06/12/2005;0.36;0.49
07/12/2005;0.36;0.49
08/12/2005;0.36;0.49
09/12/2005;0.36;0.49
12/12/2005;0.36;0.48
13/12/2005;0.36;0.47
14/12/2005;0.36;0.47
15/12/2005;0.36;0.47
16/12/2005;0.36;0.47
19/12/2005;0.36;0.47
20/12/2005;0.36;0.46
21/12/2005;0.36;0.46
22/12/2005;0.37;0.46
23/12/2005;0.37;0.46
26/12/2005;0.37;0.46
27/12/2005;0.37;0.46
28/12/2005;0.37;0.46
29/12/2005;0.37;0.46
30/12/2005;0.37;0.46
02/01/2006;0.37;0.46
03/01/2006;0.37;0.46
04/01/2006;0.36;0.46
05/01/2006;0.36;0.45
06/01/2006;0.36;0.45
09/01/2006;0.36;0.45
10/01/2006;0.36;0.45
11/01/2006;0.36;0.45
12/01/2006;0.37;0.45
13/01/2006;0.37;0.46
16/01/2006;0.37;0.46
17/01/2006;0.37;0.46
18/01/2006;0.38;0.46
19/01/2006;0.37;0.46
20/01/2006;0.37;0.47
23/01/2006;0.37;0.47
24/01/2006;0.36;0.46
25/01/2006;0.36;0.46
26/01/2006;0.36;0.46
27/01/2006;0.36;0.45
30/01/2006;0.36;0.45
31/01/2006;0.36;0.45
01/02/2006;0.36;0.45
02/02/2006;0.36;0.45
03/02/2006;0.36;0.44
06/02/2006;0.36;0.45
07/02/2006;0.36;0.45
08/02/2006;0.36;0.45
09/02/2006;0.36;0.45
10/02/2006;0.37;0.45
13/02/2006;0.37;0.45
14/02/2006;0.37;0.45
15/02/2006;0.37;0.45
16/02/2006;0.36;0.45
17/02/2006;0.36;0.44
20/02/2006;0.36;0.44
21/02/2006;0.36;0.44
22/02/2006;0.36;0.44
23/02/2006;0.36;0.43
24/02/2006;0.36;0.43
27/02/2006;0.36;0.43
28/02/2006;0.36;0.43
01/03/2006;0.36;0.43
02/03/2006;0.35;0.43
03/03/2006;0.36;0.43
06/03/2006;0.35;0.42
07/03/2006;0.35;0.42
08/03/2006;0.35;0.42
09/03/2006;0.35;0.42
10/03/2006;0.35;0.42
13/03/2006;0.35;0.41
14/03/2006;0.35;0.41
15/03/2006;0.35;0.41
16/03/2006;0.34;0.4
17/03/2006;0.34;0.39
20/03/2006;0.36;0.39
21/03/2006;0.35;0.39
22/03/2006;0.36;0.39
23/03/2006;0.35;0.4
24/03/2006;0.35;0.41
27/03/2006;0.35;0.41
28/03/2006;0.34;0.41
29/03/2006;0.34;0.41
30/03/2006;0.33;0.42
31/03/2006;0.33;0.42
03/04/2006;0.32;0.41
04/04/2006;0.31;0.42
05/04/2006;0.31;0.41
06/04/2006;0.31;0.41
07/04/2006;0.32;0.41
10/04/2006;0.32;0.41
11/04/2006;0.32;0.4
12/04/2006;0.32;0.4
13/04/2006;0.32;0.4
14/04/2006;0.32;0.4
17/04/2006;0.31;0.4
18/04/2006;0.31;0.4
19/04/2006;0.31;0.39
20/04/2006;0.3;0.39
21/04/2006;0.3;0.38
24/04/2006;0.3;0.38
25/04/2006;0.29;0.38
26/04/2006;0.29;0.38
27/04/2006;0.29;0.37
28/04/2006;0.27;0.35
01/05/2006;0.27;0.35
02/05/2006;0.27;0.34
03/05/2006;0.27;0.34
04/05/2006;0.27;0.38
05/05/2006;0.28;0.36
08/05/2006;0.28;0.36
09/05/2006;0.29;0.37
10/05/2006;0.29;0.36
11/05/2006;0.28;0.36
12/05/2006;0.29;0.38
15/05/2006;0.3;0.39
16/05/2006;0.3;0.39
17/05/2006;0.31;0.4
18/05/2006;0.31;0.42
19/05/2006;0.31;0.41
22/05/2006;0.33;0.42
23/05/2006;0.32;0.42
24/05/2006;0.33;0.43
25/05/2006;0.33;0.42
26/05/2006;0.31;0.4
29/05/2006;0.31;0.4
30/05/2006;0.32;0.41
31/05/2006;0.32;0.42
01/06/2006;0.32;0.42
02/06/2006;0.31;0.41
05/06/2006;0.31;0.41
06/06/2006;0.32;0.43
07/06/2006;0.32;0.43
08/06/2006;0.33;0.44
09/06/2006;0.33;0.44
12/06/2006;0.33;0.44
13/06/2006;0.34;0.45
14/06/2006;0.34;0.45
15/06/2006;0.34;0.46
16/06/2006;0.34;0.46
19/06/2006;0.34;0.46
20/06/2006;0.34;0.45
21/06/2006;0.34;0.46
22/06/2006;0.34;0.45
23/06/2006;0.35;0.46
26/06/2006;0.35;0.46
27/06/2006;0.34;0.45
28/06/2006;0.33;0.44
29/06/2006;0.32;0.43
30/06/2006;0.31;0.4
03/07/2006;0.3;0.4
04/07/2006;0.3;0.4
05/07/2006;0.31;0.4
06/07/2006;0.3;0.41
07/07/2006;0.3;0.41
10/07/2006;0.3;0.4
11/07/2006;0.3;0.41
12/07/2006;0.31;0.41
13/07/2006;0.32;0.42
14/07/2006;0.33;0.43
17/07/2006;0.33;0.43
18/07/2006;0.33;0.42
19/07/2006;0.32;0.41
20/07/2006;0.31;0.41
21/07/2006;0.32;0.41
24/07/2006;0.32;0.41
25/07/2006;0.32;0.42
26/07/2006;0.32;0.41
27/07/2006;0.31;0.41
28/07/2006;0.31;0.41
31/07/2006;0.3;0.41
01/08/2006;0.31;0.41
02/08/2006;0.31;0.41
03/08/2006;0.3;0.41
04/08/2006;0.3;0.4
07/08/2006;0.31;0.41
08/08/2006;0.3;0.4
09/08/2006;0.3;0.41
10/08/2006;0.3;0.41
11/08/2006;0.3;0.41
14/08/2006;0.3;0.41
15/08/2006;0.29;0.4
16/08/2006;0.28;0.39
17/08/2006;0.28;0.39
18/08/2006;0.28;0.39
21/08/2006;0.28;0.4
22/08/2006;0.28;0.4
23/08/2006;0.28;0.39
24/08/2006;0.29;0.4
25/08/2006;0.28;0.39
28/08/2006;0.28;0.39
29/08/2006;0.28;0.39
30/08/2006;0.28;0.38
31/08/2006;0.27;0.38
01/09/2006;0.27;0.38
04/09/2006;0.27;0.38
05/09/2006;0.27;0.37
06/09/2006;0.28;0.38
07/09/2006;0.28;0.38
08/09/2006;0.27;0.37
11/09/2006;0.28;0.37
12/09/2006;0.27;0.37
13/09/2006;0.27;0.37
14/09/2006;0.27;0.36
15/09/2006;0.27;0.36
18/09/2006;0.27;0.37
19/09/2006;0.28;0.38
20/09/2006;0.3;0.38
21/09/2006;0.3;0.4
22/09/2006;0.31;0.41
25/09/2006;0.3;0.41
26/09/2006;0.3;0.4
27/09/2006;0.3;0.39
28/09/2006;0.3;0.4
29/09/2006;0.3;0.4
02/10/2006;0.3;0.4
03/10/2006;0.3;0.4
04/10/2006;0.3;0.4
05/10/2006;0.29;0.39
06/10/2006;0.29;0.39
09/10/2006;0.29;0.39
10/10/2006;0.29;0.39
11/10/2006;0.29;0.39
12/10/2006;0.28;0.38
13/10/2006;0.28;0.38
16/10/2006;0.28;0.38
17/10/2006;0.28;0.37
18/10/2006;0.27;0.37
19/10/2006;0.27;0.36
20/10/2006;0.27;0.36
23/10/2006;0.27;0.36
24/10/2006;0.27;0.36
25/10/2006;0.27;0.35
26/10/2006;0.26;0.35
27/10/2006;0.24;0.34
30/10/2006;0.24;0.35
31/10/2006;0.24;0.34
01/11/2006;0.24;0.34
02/11/2006;0.23;0.34
03/11/2006;0.23;0.33
06/11/2006;0.23;0.33
07/11/2006;0.23;0.33
08/11/2006;0.24;0.34
09/11/2006;0.24;0.34
10/11/2006;0.25;0.34
13/11/2006;0.25;0.35
14/11/2006;0.25;0.35
15/11/2006;0.25;0.34
16/11/2006;0.24;0.34
17/11/2006;0.24;0.34
20/11/2006;0.24;0.34
21/11/2006;0.24;0.34
22/11/2006;0.24;0.34
23/11/2006;0.24;0.34
24/11/2006;0.25;0.34
27/11/2006;0.25;0.34
28/11/2006;0.26;0.35
29/11/2006;0.25;0.34
30/11/2006;0.25;0.34
01/12/2006;0.25;0.34
04/12/2006;0.25;0.34
05/12/2006;0.25;0.34
06/12/2006;0.25;0.34
07/12/2006;0.25;0.34
08/12/2006;0.25;0.34
11/12/2006;0.24;0.34
12/12/2006;0.24;0.34
13/12/2006;0.24;0.34
14/12/2006;0.24;0.35
15/12/2006;0.24;0.34
18/12/2006;0.24;0.34
19/12/2006;0.24;0.34
20/12/2006;0.24;0.34
21/12/2006;0.24;0.34
22/12/2006;0.24;0.34
26/12/2006;0.23;0.34
27/12/2006;0.24;0.34
28/12/2006;0.23;0.34
29/12/2006;0.23;0.34
01/01/2007;0.23;0.34
02/01/2007;0.23;0.34
03/01/2007;0.23;0.33
04/01/2007;0.23;0.34
05/01/2007;0.24;0.34
08/01/2007;0.24;0.34
09/01/2007;0.24;0.34
10/01/2007;0.24;0.34
11/01/2007;0.24;0.34
12/01/2007;0.24;0.34
15/01/2007;0.23;0.34
16/01/2007;0.23;0.34
17/01/2007;0.23;0.34
18/01/2007;0.23;0.33
19/01/2007;0.23;0.32
22/01/2007;0.23;0.33
23/01/2007;0.23;0.33
24/01/2007;0.23;0.32
25/01/2007;0.23;0.31
26/01/2007;0.23;0.32
29/01/2007;0.23;0.32
30/01/2007;0.23;0.32
31/01/2007;0.23;0.32
01/02/2007;0.23;0.32
02/02/2007;0.23;0.32
05/02/2007;0.23;0.32
06/02/2007;0.23;0.32
07/02/2007;0.23;0.31
08/02/2007;0.23;0.31
09/02/2007;0.23;0.31
12/02/2007;0.23;0.31
13/02/2007;0.23;0.31
14/02/2007;0.23;0.31
15/02/2007;0.23;0.31
16/02/2007;0.23;0.3
19/02/2007;0.22;0.3
20/02/2007;0.22;0.3
21/02/2007;0.22;0.3
22/02/2007;0.21;0.29
23/02/2007;0.21;0.3
26/02/2007;0.21;0.3
27/02/2007;0.22;0.31
28/02/2007;0.23;0.34
01/03/2007;0.23;0.34
02/03/2007;0.24;0.37
05/03/2007;0.25;0.37
06/03/2007;0.25;0.39
07/03/2007;0.24;0.36
08/03/2007;0.23;0.34
09/03/2007;0.23;0.34
12/03/2007;0.23;0.34
13/03/2007;0.24;0.36
14/03/2007;0.25;0.37
15/03/2007;0.25;0.36
16/03/2007;0.25;0.37
19/03/2007;0.25;0.36
20/03/2007;0.26;0.37
21/03/2007;0.26;0.36
22/03/2007;0.24;0.35
23/03/2007;0.24;0.35
26/03/2007;0.24;0.36
27/03/2007;0.24;0.36
28/03/2007;0.25;0.37
29/03/2007;0.24;0.37
30/03/2007;0.24;0.38
02/04/2007;0.25;0.39
03/04/2007;0.25;0.39
04/04/2007;0.25;0.39
05/04/2007;0.25;0.38
06/04/2007;0.25;0.37
09/04/2007;0.25;0.38
10/04/2007;0.25;0.38
11/04/2007;0.24;0.38
12/04/2007;0.24;0.38
13/04/2007;0.24;0.37
16/04/2007;0.23;0.37
17/04/2007;0.23;0.36
18/04/2007;0.23;0.36
19/04/2007;0.23;0.36
20/04/2007;0.23;0.35
23/04/2007;0.22;0.34
24/04/2007;0.22;0.35
25/04/2007;0.23;0.35
26/04/2007;0.23;0.35
27/04/2007;0.23;0.36
30/04/2007;0.23;0.36
01/05/2007;0.23;0.36
02/05/2007;0.23;0.36
03/05/2007;0.23;0.36
04/05/2007;0.23;0.36
07/05/2007;0.23;0.36
08/05/2007;0.23;0.36
09/05/2007;0.23;0.36
10/05/2007;0.23;0.36
11/05/2007;0.23;0.36
14/05/2007;0.23;0.35
15/05/2007;0.22;0.35
16/05/2007;0.22;0.35
17/05/2007;0.22;0.35
18/05/2007;0.22;0.35
21/05/2007;0.22;0.35
22/05/2007;0.21;0.35
23/05/2007;0.21;0.34
24/05/2007;0.21;0.34
25/05/2007;0.21;0.34
28/05/2007;0.21;0.34
29/05/2007;0.21;0.34
30/05/2007;0.21;0.35
31/05/2007;0.2;0.35
01/06/2007;0.2;0.34
04/06/2007;0.2;0.34
05/06/2007;0.2;0.34
06/06/2007;0.21;0.34
07/06/2007;0.21;0.35
08/06/2007;0.22;0.35
11/06/2007;0.21;0.35
12/06/2007;0.21;0.37
13/06/2007;0.22;0.36
14/06/2007;0.21;0.36
15/06/2007;0.21;0.36
18/06/2007;0.21;0.36
19/06/2007;0.21;0.37
20/06/2007;0.21;0.38
21/06/2007;0.23;0.39
22/06/2007;0.23;0.4
25/06/2007;0.24;0.41
26/06/2007;0.24;0.4
27/06/2007;0.25;0.4
28/06/2007;0.25;0.4
29/06/2007;0.25;0.4
02/07/2007;0.26;0.42
03/07/2007;0.26;0.42
04/07/2007;0.25;0.42
05/07/2007;0.25;0.42
06/07/2007;0.26;0.42
09/07/2007;0.26;0.42
10/07/2007;0.28;0.43
11/07/2007;0.31;0.45
12/07/2007;0.3;0.44
13/07/2007;0.29;0.42
16/07/2007;0.28;0.41
17/07/2007;0.3;0.43
18/07/2007;0.32;0.46
19/07/2007;0.32;0.48
20/07/2007;0.36;0.53
23/07/2007;0.36;0.53
24/07/2007;0.37;0.54
25/07/2007;0.36;0.54
26/07/2007;0.42;0.62
27/07/2007;0.55;0.79
30/07/2007;0.66;0.86
31/07/2007;0.52;0.71
01/08/2007;0.57;0.79
02/08/2007;0.55;0.69
03/08/2007;0.56;0.81
06/08/2007;0.59;0.84
07/08/2007;0.52;0.76
08/08/2007;0.45;0.67
09/08/2007;0.47;0.64
10/08/2007;0.51;0.7
13/08/2007;0.5;0.69
14/08/2007;0.53;0.78
15/08/2007;0.54;0.78
16/08/2007;0.58;0.82
17/08/2007;0.49;0.73
20/08/2007;0.48;0.72
21/08/2007;0.48;0.72
22/08/2007;0.45;0.68
23/08/2007;0.42;0.62
24/08/2007;0.42;0.61
27/08/2007;0.43;0.61
28/08/2007;0.46;0.62
29/08/2007;0.46;0.62
30/08/2007;0.47;0.62
31/08/2007;0.45;0.71
03/09/2007;0.46;0.71
04/09/2007;0.46;0.71
05/09/2007;0.48;0.68
06/09/2007;0.49;0.63
07/09/2007;0.53;0.72
10/09/2007;0.56;0.72
11/09/2007;0.54;0.76
12/09/2007;0.53;0.73
13/09/2007;0.49;0.71
14/09/2007;0.47;0.64
17/09/2007;0.47;0.68
18/09/2007;0.44;0.65
19/09/2007;0.38;0.58
20/09/2007;0.38;0.56
21/09/2007;0.36;0.5
24/09/2007;0.34;0.49
25/09/2007;0.36;0.52
26/09/2007;0.35;0.52
27/09/2007;0.36;0.52
28/09/2007;0.38;0.56
01/10/2007;0.37;0.55
02/10/2007;0.35;0.56
03/10/2007;0.35;0.53
04/10/2007;0.34;0.51
05/10/2007;0.33;0.49
08/10/2007;0.33;0.49
09/10/2007;0.31;0.48
10/10/2007;0.3;0.46
11/10/2007;0.29;0.45
12/10/2007;0.29;0.47
15/10/2007;0.3;0.47
16/10/2007;0.31;0.49
17/10/2007;0.34;0.53
18/10/2007;0.36;0.55
19/10/2007;0.38;0.59
22/10/2007;0.4;0.6
23/10/2007;0.36;0.58
24/10/2007;0.38;0.6
25/10/2007;0.37;0.61
26/10/2007;0.38;0.6
29/10/2007;0.37;0.59
30/10/2007;0.38;0.61
31/10/2007;0.37;0.6
01/11/2007;0.41;0.63
02/11/2007;0.45;0.7
05/11/2007;0.46;0.68
06/11/2007;0.44;0.67
07/11/2007;0.47;0.68
08/11/2007;0.5;0.72
09/11/2007;0.53;0.78
12/11/2007;0.55;0.78
13/11/2007;0.53;0.78
14/11/2007;0.49;0.71
15/11/2007;0.51;0.75
16/11/2007;0.54;0.77
19/11/2007;0.57;0.8
20/11/2007;0.57;0.81
21/11/2007;0.64;0.85
22/11/2007;0.62;0.87
23/11/2007;0.59;0.87
26/11/2007;0.59;0.81
27/11/2007;0.58;0.84
28/11/2007;0.56;0.8
29/11/2007;0.55;0.78
30/11/2007;0.52;0.76
03/12/2007;0.54;0.78
04/12/2007;0.57;0.81
05/12/2007;0.55;0.79
06/12/2007;0.56;0.79
07/12/2007;0.55;0.76
10/12/2007;0.53;0.76
11/12/2007;0.51;0.72
12/12/2007;0.51;0.75
13/12/2007;0.53;0.76
14/12/2007;0.51;0.75
17/12/2007;0.52;0.75
18/12/2007;0.53;0.75
19/12/2007;0.53;0.77
20/12/2007;0.53;0.78
21/12/2007;0.51;0.78
24/12/2007;0.51;0.78
25/12/2007;0.51;0.77
26/12/2007;0.51;0.77
27/12/2007;0.5;0.77
28/12/2007;0.5;0.78
31/12/2007;0.5;0.78
01/01/2008;0.5;0.78
02/01/2008;0.52;0.78
03/01/2008;0.56;0.83
04/01/2008;0.61;0.87
07/01/2008;0.62;0.91
08/01/2008;0.62;0.93
09/01/2008;0.67;0.99
10/01/2008;0.66;1.02
11/01/2008;0.66;0.96
14/01/2008;0.68;0.96
15/01/2008;0.67;0.98
16/01/2008;0.69;1
17/01/2008;0.73;1.05
18/01/2008;0.73;1.1
21/01/2008;0.82;1.1
22/01/2008;0.82;1.17
23/01/2008;0.83;1.18
24/01/2008;0.73;1.08
25/01/2008;0.7;1.04
28/01/2008;0.74;1.07
29/01/2008;0.7;1.05
30/01/2008;0.73;1.03
31/01/2008;0.79;1.08
06/02/2008;0.9;1.18
07/02/2008;0.91;1.24
08/02/2008;0.95;1.27
11/02/2008;1.01;1.33
12/02/2008;1.07;1.37
13/02/2008;1.01;1.41
14/02/2008;1.02;1.37
15/02/2008;1.11;1.45
18/02/2008;1.03;1.45
19/02/2008;1.14;1.48
20/02/2008;1.25;1.59
21/02/2008;1.23;1.53
22/02/2008;1.22;1.56
25/02/2008;1;1.35
26/02/2008;1.01;1.39
27/02/2008;1.06;1.35
28/02/2008;1.12;1.44
29/02/2008;0.99;1.6
03/03/2008;1.34;1.46
04/03/2008;1.27;1.67
05/03/2008;1.27;1.63
06/03/2008;1.42;1.69
07/03/2008;1.46;1.82
10/03/2008;1.52;1.82
11/03/2008;1.6;1.89
12/03/2008;1.46;1.76
13/03/2008;1.63;1.84
14/03/2008;1.56;1.89
17/03/2008;1.63;1.91
18/03/2008;1.33;1.67
19/03/2008;1.3;1.56
25/03/2008;1.08;1.37
26/03/2008;1.15;1.32
27/03/2008;1.14;1.35
28/03/2008;1.16;1.4
01/04/2008;1.15;1.34
02/04/2008;1;1.24
03/04/2008;0.96;1.16
04/04/2008;0.89;1.09
07/04/2008;0.86;1.09
08/04/2008;0.95;1.13
09/04/2008;1.06;1.19
10/04/2008;1.02;1.24
11/04/2008;0.96;1.24
14/04/2008;1.1;1.29
15/04/2008;1.07;1.28
16/04/2008;0.96;1.19
17/04/2008;0.9;1.12
18/04/2008;0.84;1.05
21/04/2008;0.81;1.05
22/04/2008;0.85;1.03
23/04/2008;0.83;1.06
24/04/2008;0.84;1.09
25/04/2008;0.8;1
28/04/2008;0.78;0.96
29/04/2008;0.75;0.97
30/04/2008;0.72;0.98
01/05/2008;0.67;0.92
02/05/2008;0.65;0.88
05/05/2008;0.67;0.93
06/05/2008;0.71;0.97
07/05/2008;0.72;0.98
08/05/2008;0.82;1.03
09/05/2008;0.81;1.04
12/05/2008;0.76;1.05
13/05/2008;0.75;1.02
14/05/2008;0.73;0.97
15/05/2008;0.7;0.95
16/05/2008;0.67;0.94
19/05/2008;0.63;0.96
20/05/2008;0.72;0.99
21/05/2008;0.72;0.97
22/05/2008;0.81;1.03
26/05/2008;0.87;1.08
27/05/2008;0.85;1.07
28/05/2008;0.85;1.03
29/05/2008;0.76;1.03
30/05/2008;0.77;1.01
02/06/2008;0.84;1.08
03/06/2008;0.88;1.05
04/06/2008;0.87;1.07
05/06/2008;0.86;1.07
06/06/2008;0.86;1.11
09/06/2008;0.92;1.15
10/06/2008;0.91;1.11
11/06/2008;0.93;1.15
12/06/2008;0.91;1.13
13/06/2008;0.84;1.12
16/06/2008;0.82;1.08
17/06/2008;0.82;1.05
19/06/2008;0.88;1.13
20/06/2008;0.93;1.2
23/06/2008;0.93;1.24
24/06/2008;0.97;1.24
25/06/2008;0.95;1.25
26/06/2008;1.05;1.25
27/06/2008;1.06;1.25
30/06/2008;1.03;1.25
01/07/2008;1.05;1.41
02/07/2008;1.04;1.41
03/07/2008;1.08;1.41
04/07/2008;1.07;1.47
07/07/2008;1.07;1.47
08/07/2008;1.1;1.47
09/07/2008;1.05;1.41
10/07/2008;1.04;1.44
11/07/2008;1.04;1.4
14/07/2008;0.96;1.4
16/07/2008;1.02;1.43
17/07/2008;1;1.39
18/07/2008;0.98;1.37
21/07/2008;0.95;1.37
22/07/2008;0.97;1.37
23/07/2008;0.92;1.32
24/07/2008;0.91;1.33
25/07/2008;0.91;1.35
28/07/2008;0.91;1.35
29/07/2008;0.9;1.35
30/07/2008;0.9;1.3
31/07/2008;0.9;1.31
01/08/2008;0.94;1.33
04/08/2008;1.04;1.33
05/08/2008;0.92;1.34
06/08/2008;0.9;1.31
07/08/2008;0.96;1.34
08/08/2008;0.97;1.33
11/08/2008;0.95;1.33
12/08/2008;0.92;1.3
13/08/2008;0.95;1.35
14/08/2008;0.93;1.35
15/08/2008;0.93;1.35
18/08/2008;0.94;1.35
19/08/2008;0.99;1.41
20/08/2008;0.98;1.44
21/08/2008;0.99;1.46
22/08/2008;0.97;1.42
25/08/2008;0.96;1.42
26/08/2008;1;1.44
27/08/2008;1.02;1.45
28/08/2008;1;1.43
29/08/2008;1;1.43
01/09/2008;1.01;1.43
02/09/2008;0.92;1.41
03/09/2008;1;1.44
04/09/2008;1.04;1.45
05/09/2008;1.06;1.46
08/09/2008;0.99;1.46
09/09/2008;1.02;1.41
10/09/2008;1.02;1.43
11/09/2008;1.03;1.49
12/09/2008;1.03;1.5
15/09/2008;1.28;1.5
16/09/2008;1.35;2
17/09/2008;1.47;2.03
18/09/2008;1.4;1.91
19/09/2008;1.4;1.57
22/09/2008;1.05;1.57
23/09/2008;1.14;1.54
24/09/2008;0.94;1.62
25/09/2008;1.09;1.62
26/09/2008;1.17;1.62
29/09/2008;1.19;1.62
30/09/2008;1.17;1.62
01/10/2008;1.2;1.62
02/10/2008;1.25;1.62
03/10/2008;1.27;1.66
06/10/2008;1.36;1.66
07/10/2008;1.27;1.71
08/10/2008;1.27;1.8
09/10/2008;1.29;1.84
10/10/2008;1.43;2.07
13/10/2008;1.28;2.07
14/10/2008;1.23;2.07
15/10/2008;1.33;1.85
16/10/2008;1.36;2.02
17/10/2008;1.42;1.95
20/10/2008;1.44;1.95
21/10/2008;1.4;1.89
22/10/2008;1.52;1.91
23/10/2008;1.6;2.1
24/10/2008;1.73;2.24
27/10/2008;1.72;2.24
28/10/2008;1.67;2.24
29/10/2008;1.59;2.11
30/10/2008;1.54;2.03
31/10/2008;1.52;2.01
03/11/2008;1.44;2.01
04/11/2008;1.32;2.01
05/11/2008;1.32;1.81
06/11/2008;1.43;1.92
07/11/2008;1.34;1.9
10/11/2008;1.36;1.9
11/11/2008;1.48;1.9
12/11/2008;1.56;1.9
13/11/2008;1.56;2
14/11/2008;1.56;1.99
17/11/2008;1.57;1.99
18/11/2008;1.65;2.17
19/11/2008;1.75;2.3
20/11/2008;1.88;2.59
21/11/2008;1.84;2.72
24/11/2008;1.75;2.72
25/11/2008;1.7;2.5
26/11/2008;1.64;2.38
27/11/2008;1.64;2.34
28/11/2008;1.71;2.34
01/12/2008;1.87;2.34
02/12/2008;1.84;2.59
03/12/2008;1.91;2.63
04/12/2008;2.06;2.66
05/12/2008;2.19;2.79
08/12/2008;1.98;2.67
09/12/2008;1.95;2.64
10/12/2008;1.94;2.69
11/12/2008;1.98;2.58
12/12/2008;2.04;2.65
15/12/2008;2.06;2.67
16/12/2008;1.93;2.53
17/12/2008;1.89;2.28
18/12/2008;1.81;2.16
19/12/2008;1.86;2.15
22/12/2008;1.84;2.16
23/12/2008;1.8;2.13
24/12/2008;1.82;2.11
29/12/2008;1.81;2.09
30/12/2008;1.76;2.05
31/12/2008;1.78;2.05
02/01/2009;1.82;2.05
05/01/2009;1.77;2.01
06/01/2009;1.66;1.99
07/01/2009;1.65;1.95
08/01/2009;1.63;2.04
09/01/2009;1.56;2.02
12/01/2009;1.65;2.08
13/01/2009;1.69;2.17
14/01/2009;1.75;2.27
15/01/2009;1.69;2.22
16/01/2009;1.63;2.14
19/01/2009;1.63;2.14
20/01/2009;1.72;2.2
21/01/2009;1.74;2.23
22/01/2009;1.68;2.18
23/01/2009;1.71;2.08
26/01/2009;1.64;2.05
27/01/2009;1.58;2.06
28/01/2009;1.67;1.93
29/01/2009;1.57;1.96
30/01/2009;1.61;1.99
02/02/2009;1.65;2.05
03/02/2009;1.61;2.01
04/02/2009;1.56;1.93
05/02/2009;1.55;2
06/02/2009;1.49;1.94
09/02/2009;1.43;1.89
10/02/2009;1.53;1.92
11/02/2009;1.48;1.94
12/02/2009;1.55;1.97
13/02/2009;1.56;1.99
16/02/2009;1.62;2
17/02/2009;1.74;2.12
18/02/2009;1.7;2.13
19/02/2009;1.69;2.09
20/02/2009;1.79;2.12
23/02/2009;1.81;2.14
24/02/2009;1.85;2.22
25/02/2009;1.79;2.19
26/02/2009;1.75;2.14
27/02/2009;1.81;2.25
02/03/2009;1.92;2.31
03/03/2009;1.97;2.41
04/03/2009;1.93;2.43
05/03/2009;2.06;2.53
06/03/2009;2.03;2.5
09/03/2009;2.09;2.55
10/03/2009;2.02;2.48
11/03/2009;1.96;2.42
12/03/2009;2;2.46
13/03/2009;1.93;2.37
16/03/2009;1.79;2.28
17/03/2009;1.89;2.38
18/03/2009;1.92;2.37
19/03/2009;1.85;2.28
20/03/2009;1.72;1.98
23/03/2009;1.63;1.92
24/03/2009;1.63;1.86
25/03/2009;1.65;1.83
26/03/2009;1.61;1.79
27/03/2009;1.65;1.84
30/03/2009;1.73;1.92
31/03/2009;1.73;1.96
01/04/2009;1.77;2.01
02/04/2009;1.6;1.93
03/04/2009;1.67;1.87
06/04/2009;1.63;1.91
07/04/2009;1.65;1.93
08/04/2009;1.62;1.88
09/04/2009;1.57;1.82
10/04/2009;1.57;1.82
13/04/2009;1.57;1.8
14/04/2009;1.55;1.77
15/04/2009;1.53;1.78
16/04/2009;1.48;1.75
17/04/2009;1.48;1.77
20/04/2009;1.54;1.86
21/04/2009;1.57;1.9
22/04/2009;1.56;1.86
23/04/2009;1.53;1.83
24/04/2009;1.51;1.75
27/04/2009;1.51;1.77
28/04/2009;1.54;1.78
29/04/2009;1.42;1.68
30/04/2009;1.38;1.65
01/05/2009;1.44;1.64
04/05/2009;1.48;1.61
05/05/2009;1.37;1.57
06/05/2009;1.3;1.5
07/05/2009;1.24;1.43
08/05/2009;1.24;1.43
11/05/2009;1.29;1.46
12/05/2009;1.3;1.53
13/05/2009;1.31;1.53
14/05/2009;1.33;1.53
15/05/2009;1.35;1.57
18/05/2009;1.37;1.57
19/05/2009;1.26;1.45
20/05/2009;1.21;1.41
21/05/2009;1.27;1.47
22/05/2009;1.24;1.47
25/05/2009;1.24;1.47
26/05/2009;1.28;1.44
27/05/2009;1.23;1.43
28/05/2009;1.41;1.46
29/05/2009;1.21;1.41
01/06/2009;0.98;1.29
02/06/2009;1.05;1.25
03/06/2009;1.06;1.27
04/06/2009;1.06;1.25
05/06/2009;1.02;1.18
08/06/2009;1.08;1.27
09/06/2009;1.08;1.24
10/06/2009;1.03;1.24
11/06/2009;0.97;1.25
12/06/2009;1.08;1.26
15/06/2009;1.14;1.29
16/06/2009;1.16;1.36
17/06/2009;1.23;1.41
18/06/2009;1.22;1.42
19/06/2009;1.2;1.4
22/06/2009;1.26;1.46
23/06/2009;1.29;1.46
24/06/2009;1.43;1.41
25/06/2009;1.2;1.4
26/06/2009;1.21;1.41
29/06/2009;1.15;1.36
30/06/2009;1.12;1.32
01/07/2009;1.1;1.3
02/07/2009;1.15;1.37
03/07/2009;1.15;1.37
06/07/2009;1.18;1.4
07/07/2009;1.19;1.42
08/07/2009;1.25;1.46
09/07/2009;1.21;1.44
10/07/2009;1.24;1.45
13/07/2009;1.23;1.43
14/07/2009;1.17;1.39
15/07/2009;1.11;1.32
16/07/2009;1.13;1.35
17/07/2009;1.07;1.31
20/07/2009;1.04;1.26
21/07/2009;0.99;1.24
22/07/2009;1.01;1.23
23/07/2009;0.96;1.19
24/07/2009;0.95;1.2
27/07/2009;0.92;1.16
28/07/2009;0.96;1.17
29/07/2009;0.94;1.17
30/07/2009;0.88;1.12
31/07/2009;0.88;1.11
03/08/2009;0.9;1.12
04/08/2009;0.91;1.12
05/08/2009;0.92;1.12
06/08/2009;0.9;1.11
07/08/2009;0.87;1.08
10/08/2009;0.86;1.06
11/08/2009;0.91;1.1
12/08/2009;0.92;1.14
13/08/2009;0.92;1.14
14/08/2009;0.95;1.17
17/08/2009;1;1.22
18/08/2009;1;1.22
19/08/2009;1.02;1.23
20/08/2009;0.98;1.2
21/08/2009;0.92;1.15
24/08/2009;0.88;1.13
25/08/2009;0.9;1.14
26/08/2009;0.92;1.16
27/08/2009;0.92;1.15
28/08/2009;0.91;1.15
31/08/2009;0.91;1.19
01/09/2009;0.96;1.21
02/09/2009;0.99;1.23
03/09/2009;0.98;1.24
04/09/2009;0.97;1.21
07/09/2009;0.94;1.21
08/09/2009;0.92;1.17
09/09/2009;1;1.14
10/09/2009;0.83;1.12
11/09/2009;0.86;1.09
14/09/2009;0.87;1.13
15/09/2009;0.86;1.06
16/09/2009;0.83;1
17/09/2009;0.84;1.02
18/09/2009;0.87;1.05
22/09/2009;0.8;0.9
23/09/2009;0.79;0.91
24/09/2009;0.83;0.95
25/09/2009;0.85;0.98
28/09/2009;0.85;0.97
29/09/2009;0.85;0.97
30/09/2009;0.88;1
01/10/2009;0.93;1.05
02/10/2009;1.03;1.09
05/10/2009;0.85;1.02
06/10/2009;0.9;1.01
07/10/2009;0.94;1.05
08/10/2009;0.91;1.03
09/10/2009;0.9;1.02
12/10/2009;0.87;1.03
13/10/2009;0.87;1
14/10/2009;0.82;0.97
15/10/2009;0.83;0.97
16/10/2009;0.87;0.99
19/10/2009;0.84;0.97
20/10/2009;0.84;0.97
21/10/2009;0.84;0.98
22/10/2009;0.84;1.01
23/10/2009;0.84;0.99
26/10/2009;0.85;1
27/10/2009;0.87;1.03
28/10/2009;0.75;1.06
29/10/2009;0.86;1.05
30/10/2009;0.87;1.08
02/11/2009;0.89;1.06
03/11/2009;0.91;1.08
04/11/2009;0.87;1.05
05/11/2009;0.87;1.04
06/11/2009;0.87;1.03
09/11/2009;0.84;0.99
10/11/2009;0.84;0.99
11/11/2009;0.82;0.98
12/11/2009;0.84;0.98
13/11/2009;0.85;0.99
16/11/2009;0.82;0.97
17/11/2009;0.84;1
18/11/2009;0.83;1
19/11/2009;0.85;1.01
20/11/2009;0.86;1.03
23/11/2009;0.85;1.01
24/11/2009;0.86;1.03
25/11/2009;0.84;1.02
26/11/2009;0.9;1.02
27/11/2009;0.95;1.07
30/11/2009;0.89;1.07
01/12/2009;0.84;1.04
02/12/2009;0.84;1.02
03/12/2009;0.83;1
04/12/2009;0.82;0.99
07/12/2009;0.81;0.98
08/12/2009;0.81;0.97
09/12/2009;0.85;0.98
10/12/2009;0.84;0.97
11/12/2009;0.82;0.95
14/12/2009;0.8;0.92
15/12/2009;0.81;0.91
16/12/2009;0.8;0.91
17/12/2009;0.81;0.91
18/12/2009;0.8;0.9
21/12/2009;0.79;0.87
22/12/2009;0.76;0.86
23/12/2009;0.74;0.84
24/12/2009;0.89;0.83
28/12/2009;0.77;0.82
29/12/2009;0.73;0.82
30/12/2009;0.74;0.84
31/12/2009;0.73;0.85
04/01/2010;0.72;0.84
05/01/2010;0.71;0.81
06/01/2010;0.68;0.79
07/01/2010;0.66;0.77
08/01/2010;0.65;0.78
11/01/2010;0.65;0.77
12/01/2010;0.68;0.78
13/01/2010;0.71;0.8
14/01/2010;0.71;0.81
15/01/2010;0.75;0.82
18/01/2010;0.73;0.84
19/01/2010;0.76;0.84
20/01/2010;0.78;0.86
21/01/2010;0.8;0.87
22/01/2010;0.82;0.9
25/01/2010;0.82;0.95
26/01/2010;0.79;0.93
27/01/2010;0.82;0.97
28/01/2010;0.83;0.96
29/01/2010;0.83;0.96
01/02/2010;0.83;0.95
02/02/2010;0.82;0.94
03/02/2010;0.82;0.92
04/02/2010;0.85;0.96
05/02/2010;0.91;0.99
08/02/2010;0.94;1.04
09/02/2010;0.91;1.03
10/02/2010;0.88;1.02
11/02/2010;0.87;1
12/02/2010;0.89;0.99
15/02/2010;0.92;0.99
16/02/2010;1;0.99
17/02/2010;0.9;0.97
18/02/2010;0.89;0.95
19/02/2010;0.84;0.92
22/02/2010;0.84;0.9
23/02/2010;0.86;0.93
24/02/2010;0.86;0.94
25/02/2010;0.9;0.95
26/02/2010;0.85;0.92
01/03/2010;0.83;0.89
02/03/2010;0.82;0.89
03/03/2010;0.79;0.89
04/03/2010;0.81;0.89
05/03/2010;0.78;0.86
08/03/2010;0.74;0.83
09/03/2010;0.74;0.82
10/03/2010;0.74;0.83
11/03/2010;0.76;0.84
12/03/2010;0.74;0.83
15/03/2010;0.76;0.84
16/03/2010;0.76;0.84
17/03/2010;0.74;0.82
18/03/2010;0.76;0.84
19/03/2010;0.79;0.86
22/03/2010;0.8;0.91
23/03/2010;0.8;0.88
24/03/2010;0.79;0.88
25/03/2010;0.79;0.87
26/03/2010;0.79;0.87
29/03/2010;0.77;0.86
30/03/2010;0.78;0.86
31/03/2010;0.79;0.87
01/04/2010;0.77;0.87
02/04/2010;0.77;0.85
06/04/2010;0.77;0.85
07/04/2010;0.8;0.86
08/04/2010;0.82;0.87
09/04/2010;0.79;0.86
12/04/2010;0.77;0.85
13/04/2010;0.75;0.84
14/04/2010;0.77;0.84
15/04/2010;0.77;0.82
16/04/2010;0.8;0.86
19/04/2010;0.84;0.9
20/04/2010;0.81;0.86
21/04/2010;0.83;0.87
22/04/2010;0.85;0.9
23/04/2010;0.87;0.88
26/04/2010;0.89;0.9
27/04/2010;0.96;0.94
28/04/2010;0.98;0.95
29/04/2010;0.89;0.89
30/04/2010;0.87;0.91
03/05/2010;0.85;0.89
04/05/2010;0.97;0.96
05/05/2010;1.05;1.02
06/05/2010;1.23;1.13
07/05/2010;1.34;1.24
10/05/2010;1;1.1
11/05/2010;1;0.99
12/05/2010;0.95;0.98
13/05/2010;0.98;0.99
14/05/2010;1.11;1.06
17/05/2010;1.16;1.13
18/05/2010;1.11;1.09
19/05/2010;1.21;1.17
20/05/2010;1.26;1.21
21/05/2010;1.2;1.22
24/05/2010;1.21;1.19
25/05/2010;1.28;1.3
26/05/2010;1.24;1.23
27/05/2010;1.17;1.2
28/05/2010;1.18;1.16
31/05/2010;1.17;1.13
01/06/2010;1.23;1.18
02/06/2010;1.23;1.2
03/06/2010;1.2;1.19
04/06/2010;1.24;1.21
07/06/2010;1.36;1.28
08/06/2010;1.38;1.3
09/06/2010;1.36;1.28
10/06/2010;1.33;1.3
11/06/2010;1.3;1.26
14/06/2010;1.26;1.23
15/06/2010;1.27;1.22
16/06/2010;1.27;1.18
17/06/2010;1.21;1.15
18/06/2010;1.17;1.11
21/06/2010;1.1;1.06
22/06/2010;1.18;1.1
23/06/2010;1.26;1.14
24/06/2010;1.29;1.19
25/06/2010;1.27;1.16
28/06/2010;1.23;1.15
29/06/2010;1.34;1.22
30/06/2010;1.32;1.2
01/07/2010;1.31;1.24
02/07/2010;1.27;1.23
05/07/2010;1.27;1.26
06/07/2010;1.24;1.22
07/07/2010;1.23;1.2
08/07/2010;1.18;1.15
09/07/2010;1.15;1.12
12/07/2010;1.17;1.11
13/07/2010;1.15;1.1
14/07/2010;1.13;1.08
15/07/2010;1.16;1.1
16/07/2010;1.16;1.1
19/07/2010;1.21;1.13
20/07/2010;1.2;1.13
21/07/2010;1.16;1.1
22/07/2010;1.14;1.1
23/07/2010;1.12;1.08
26/07/2010;1.05;1.04
27/07/2010;1.04;1.03
28/07/2010;1.06;1.04
29/07/2010;1.05;1.05
30/07/2010;1.05;1.04
02/08/2010;1;1.01
03/08/2010;0.97;1
04/08/2010;0.99;1
05/08/2010;1.02;1.01
06/08/2010;1.04;1.04
09/08/2010;1.03;1.03
10/08/2010;1.06;1.05
11/08/2010;1.12;1.08
12/08/2010;1.13;1.09
13/08/2010;1.12;1.08
16/08/2010;1.16;1.1
17/08/2010;1.1;1.07
18/08/2010;1.06;1.05
19/08/2010;1.11;1.08
20/08/2010;1.14;1.1
23/08/2010;1.12;1.09
24/08/2010;1.15;1.12
25/08/2010;1.18;1.14
26/08/2010;1.25;1.13
27/08/2010;1.17;1.13
30/08/2010;1.2;1.12
31/08/2010;1.18;1.14
01/09/2010;1.12;1.1
02/09/2010;1.08;1.08
03/09/2010;1.06;1.04
06/09/2010;1.06;1.04
07/09/2010;1.12;1.07
08/09/2010;1.09;1.05
09/09/2010;1.07;1.04
10/09/2010;1.05;1.03
13/09/2010;1.05;1.03
14/09/2010;1.04;1.03
15/09/2010;1.06;1.04
16/09/2010;1.07;1.05
17/09/2010;1.06;1.04
20/09/2010;1.08;1.07
21/09/2010;1.1;1.08
22/09/2010;1.12;1.11
23/09/2010;1.17;1.13
24/09/2010;1.12;1.11
27/09/2010;1.14;1.09
28/09/2010;1.15;1.1
29/09/2010;1.13;1.07
30/09/2010;1.11;1.07
01/10/2010;1.09;1.06
04/10/2010;1.1;1.05
05/10/2010;1.06;1.01
06/10/2010;1.02;0.98
07/10/2010;1.04;0.99
08/10/2010;1.02;0.97
11/10/2010;0.98;0.97
12/10/2010;1.02;0.97
13/10/2010;0.97;0.93
14/10/2010;1.02;0.99
15/10/2010;1.02;0.99
18/10/2010;1.06;0.99
19/10/2010;1.01;0.98
20/10/2010;1.01;0.98
21/10/2010;0.99;0.97
22/10/2010;0.99;0.97
25/10/2010;0.96;0.94
26/10/2010;0.96;0.93
27/10/2010;0.99;0.95
28/10/2010;0.98;0.94
29/10/2010;0.98;0.94
01/11/2010;0.99;0.94
02/11/2010;0.97;0.92
03/11/2010;1;0.93
04/11/2010;0.97;0.87
05/11/2010;0.97;0.85
08/11/2010;1.01;0.87
09/11/2010;0.99;0.87
10/11/2010;1.03;0.92
11/11/2010;1.05;0.91
12/11/2010;1.04;0.93
15/11/2010;1.01;0.92
16/11/2010;1.04;0.96
17/11/2010;1.03;0.92
18/11/2010;1;0.9
19/11/2010;1.01;0.91
22/11/2010;1.03;0.92
23/11/2010;1.08;0.94
24/11/2010;1.08;0.94
25/11/2010;1.08;0.94
26/11/2010;1.12;0.96
29/11/2010;1.15;0.98
30/11/2010;1.16;0.98
01/12/2010;1.11;0.95
02/12/2010;1.07;0.93
03/12/2010;1.07;0.93
06/12/2010;1.07;0.92
07/12/2010;1.04;0.89
08/12/2010;1.05;0.9
09/12/2010;1.07;0.88
10/12/2010;1.08;0.87
13/12/2010;1.05;0.86
14/12/2010;1.04;0.85
15/12/2010;1.04;0.87
16/12/2010;1.05;0.87
17/12/2010;1.06;0.87
20/12/2010;1.07;0.86
21/12/2010;1.05;0.85
22/12/2010;1.05;0.85
23/12/2010;1.06;0.85
24/12/2010;1.06;0.86
29/12/2010;1.06;0.85
30/12/2010;1.05;0.85
31/12/2010;1.05;0.85
03/01/2011;1.05;0.83
04/01/2011;1;0.83
05/01/2011;1.02;0.83
06/01/2011;1.08;0.85
07/01/2011;1.13;0.89
10/01/2011;1.16;0.9
11/01/2011;1.11;0.86
12/01/2011;1.05;0.83
13/01/2011;1.06;0.84
14/01/2011;1.04;0.83
17/01/2011;1.05;0.83
18/01/2011;1.04;0.83
19/01/2011;1.03;0.84
20/01/2011;1.03;0.84
21/01/2011;1.01;0.83
24/01/2011;0.96;0.82
25/01/2011;1;0.83
26/01/2011;0.99;0.82
27/01/2011;1.01;0.83
28/01/2011;1.01;0.85
31/01/2011;0.98;0.84
01/02/2011;0.95;0.83
02/02/2011;0.96;0.83
03/02/2011;0.97;0.83
04/02/2011;0.96;0.81
07/02/2011;0.95;0.81
08/02/2011;0.95;0.8
09/02/2011;0.97;0.81
10/02/2011;0.97;0.82
11/02/2011;0.96;0.81
14/02/2011;0.98;0.8
15/02/2011;0.99;0.81
16/02/2011;0.97;0.8
17/02/2011;0.96;0.8
18/02/2011;0.96;0.79
21/02/2011;0.99;0.8
22/02/2011;1.02;0.83
23/02/2011;1.02;0.87
24/02/2011;1.03;0.86
25/02/2011;0.99;0.83
28/02/2011;0.98;0.82
01/03/2011;0.99;0.84
02/03/2011;1.01;0.85
03/03/2011;0.99;0.83
04/03/2011;1;0.84
07/03/2011;1.02;0.85
08/03/2011;1.01;0.84
09/03/2011;1.01;0.85
10/03/2011;1.03;0.86
11/03/2011;1.03;0.86
14/03/2011;1.01;0.87
15/03/2011;1.04;0.89
16/03/2011;1.05;0.92
17/03/2011;1.03;0.9
18/03/2011;1;0.86
21/03/2011;1.02;0.96
22/03/2011;1.04;0.97
23/03/2011;1.04;0.97
24/03/2011;1.01;0.95
25/03/2011;1.03;0.95
28/03/2011;1.02;0.95
29/03/2011;1.02;0.96
30/03/2011;1.03;0.96
31/03/2011;1.03;0.95
01/04/2011;0.99;0.94
04/04/2011;0.97;0.93
05/04/2011;0.97;0.93
06/04/2011;0.95;0.93
07/04/2011;0.97;0.94
08/04/2011;0.94;0.93
11/04/2011;0.96;0.94
12/04/2011;0.97;0.95
13/04/2011;0.98;0.95
14/04/2011;0.97;0.95
15/04/2011;0.98;0.94
18/04/2011;1.02;0.96
19/04/2011;1.01;0.95
20/04/2011;0.99;0.93
21/04/2011;0.99;0.93
26/04/2011;0.99;0.93
27/04/2011;0.98;0.92
28/04/2011;0.97;0.9
29/04/2011;0.96;0.88
03/05/2011;0.96;0.89
04/05/2011;0.97;0.9
05/05/2011;0.97;0.9
06/05/2011;0.96;0.9
09/05/2011;0.99;0.9
10/05/2011;0.97;0.89
11/05/2011;0.97;0.89
12/05/2011;0.97;0.89
13/05/2011;0.97;0.89
16/05/2011;0.97;0.89
17/05/2011;0.98;0.91
18/05/2011;0.98;0.89
19/05/2011;0.98;0.89
20/05/2011;1;0.9
23/05/2011;1.04;0.92
24/05/2011;1.02;0.91
25/05/2011;1.02;0.91
26/05/2011;1.04;0.91
27/05/2011;1.04;0.91
30/05/2011;1.05;0.91
31/05/2011;1.02;0.9
01/06/2011;1.03;0.91
02/06/2011;1.05;0.93
03/06/2011;1.04;0.94
06/06/2011;1.04;0.94
07/06/2011;1.04;0.96
08/06/2011;1.06;0.97
09/06/2011;1.04;0.97
10/06/2011;1.08;0.98
13/06/2011;1.1;0.99
14/06/2011;1.07;0.97
15/06/2011;1.12;0.99
16/06/2011;1.13;0.99
17/06/2011;1.12;1
20/06/2011;1.11;0.99
21/06/2011;1.07;0.96
22/06/2011;1.12;0.97
23/06/2011;1.16;1
24/06/2011;1.15;1.01
27/06/2011;1.15;1
28/06/2011;1.13;0.98
29/06/2011;1.1;0.96
30/06/2011;1.06;0.92
01/07/2011;1.04;0.9
04/07/2011;1.04;0.9
05/07/2011;1.06;0.91
06/07/2011;1.11;0.92
07/07/2011;1.09;0.91
08/07/2011;1.13;0.93
11/07/2011;1.19;0.96
12/07/2011;1.2;0.97
13/07/2011;1.18;0.95
14/07/2011;1.21;0.97
15/07/2011;1.22;0.97
18/07/2011;1.27;0.99
19/07/2011;1.24;0.98
20/07/2011;1.18;0.95
21/07/2011;1.12;0.93
22/07/2011;1.11;0.93
25/07/2011;1.15;0.94
26/07/2011;1.14;0.94
27/07/2011;1.16;0.95
28/07/2011;1.15;0.95
29/07/2011;1.17;0.96
01/08/2011;1.22;0.96
02/08/2011;1.24;0.98
03/08/2011;1.27;0.99
04/08/2011;1.33;1.01
05/08/2011;1.37;1.04
08/08/2011;1.41;1.11
09/08/2011;1.42;1.13
10/08/2011;1.48;1.13
11/08/2011;1.55;1.19
12/08/2011;1.48;1.14
15/08/2011;1.43;1.11
16/08/2011;1.44;1.13
17/08/2011;1.41;1.1
18/08/2011;1.52;1.15
19/08/2011;1.58;1.21
22/08/2011;1.66;1.24
23/08/2011;1.66;1.26
24/08/2011;1.7;1.27
25/08/2011;1.69;1.26
26/08/2011;1.68;1.25
29/08/2011;1.69;1.22
30/08/2011;1.61;1.21
31/08/2011;1.53;1.14
01/09/2011;1.57;1.16
02/09/2011;1.65;1.2
05/09/2011;1.83;1.22
06/09/2011;1.86;1.29
07/09/2011;1.75;1.23
08/09/2011;1.74;1.23
09/09/2011;1.9;1.32
12/09/2011;1.99;1.37
13/09/2011;1.89;1.31
14/09/2011;1.85;1.29
15/09/2011;1.75;1.26
16/09/2011;1.76;1.24
19/09/2011;1.87;1.29
20/09/2011;1.87;1.32
21/09/2011;1.86;1.37
22/09/2011;1.99;1.45
23/09/2011;1.95;1.41
26/09/2011;1.97;1.4
27/09/2011;1.9;1.34
28/09/2011;1.92;1.38
29/09/2011;1.92;1.4
30/09/2011;2.03;1.42
03/10/2011;2.07;1.46
04/10/2011;2.08;1.5
05/10/2011;1.98;1.47
06/10/2011;1.89;1.4
07/10/2011;1.89;1.4
10/10/2011;1.78;1.39
11/10/2011;1.8;1.35
12/10/2011;1.72;1.29
13/10/2011;1.79;1.34
14/10/2011;1.73;1.3
17/10/2011;1.75;1.34
18/10/2011;1.79;1.35
19/10/2011;1.76;1.31
20/10/2011;1.83;1.35
21/10/2011;1.76;1.32
24/10/2011;1.73;1.29
25/10/2011;1.75;1.28
26/10/2011;1.73;1.27
27/10/2011;1.51;1.14
28/10/2011;1.5;1.14
31/10/2011;1.61;1.19
01/11/2011;1.8;1.26
02/11/2011;1.76;1.26
03/11/2011;1.71;1.21
04/11/2011;1.73;1.22
07/11/2011;1.76;1.25
08/11/2011;1.76;1.25
09/11/2011;1.82;1.27
10/11/2011;1.85;1.29
11/11/2011;1.73;1.29
14/11/2011;1.81;1.3
15/11/2011;1.9;1.33
16/11/2011;1.85;1.32
17/11/2011;1.89;1.36
18/11/2011;1.88;1.36
21/11/2011;1.98;1.4
22/11/2011;2.01;1.4
23/11/2011;2.09;1.45
24/11/2011;2.06;1.46
25/11/2011;2.09;1.47
28/11/2011;1.99;1.4
29/11/2011;1.96;1.39
30/11/2011;1.85;1.31
01/12/2011;1.85;1.28
02/12/2011;1.79;1.24
05/12/2011;1.69;1.2
06/12/2011;1.72;1.23
07/12/2011;1.66;1.2
08/12/2011;1.76;1.24
09/12/2011;1.75;1.22
12/12/2011;1.86;1.27
13/12/2011;1.85;1.25
14/12/2011;1.91;1.3
15/12/2011;1.86;1.29
16/12/2011;1.87;1.32
19/12/2011;1.87;1.31
20/12/2011;1.8;1.27
21/12/2011;1.78;1.26
22/12/2011;1.74;1.22
23/12/2011;1.73;1.22
28/12/2011;1.73;1.22
29/12/2011;1.76;1.21
30/12/2011;1.74;1.2
03/01/2012;1.69;1.19
04/01/2012;1.74;1.19
05/01/2012;1.78;1.2
06/01/2012;1.77;1.2
09/01/2012;1.81;1.2
10/01/2012;1.74;1.17
11/01/2012;1.76;1.17
12/01/2012;1.71;1.14
13/01/2012;1.72;1.17
16/01/2012;1.68;1.16
17/01/2012;1.62;1.13
18/01/2012;1.63;1.12
19/01/2012;1.51;1.08
20/01/2012;1.51;1.08
23/01/2012;1.5;1.05
24/01/2012;1.5;1.04
25/01/2012;1.5;1.04
26/01/2012;1.43;1.01
27/01/2012;1.41;1.01
30/01/2012;1.48;1.03
31/01/2012;1.44;1.02
01/02/2012;1.37;0.99
02/02/2012;1.35;1
03/02/2012;1.27;0.95
06/02/2012;1.28;0.94
07/02/2012;1.28;0.95
08/02/2012;1.31;0.95
09/02/2012;1.3;0.94
10/02/2012;1.35;0.98
13/02/2012;1.35;0.97
14/02/2012;1.39;0.99
15/02/2012;1.46;1.01
16/02/2012;1.37;0.99
17/02/2012;1.37;0.99
20/02/2012;1.32;0.98
21/02/2012;1.31;0.97
22/02/2012;1.33;0.99
23/02/2012;1.32;0.97
24/02/2012;1.3;0.95
27/02/2012;1.33;0.96
28/02/2012;1.29;0.94
29/02/2012;1.29;0.93
01/03/2012;1.27;0.93
02/03/2012;1.32;0.94
05/03/2012;1.36;0.96
06/03/2012;1.43;0.98
07/03/2012;1.36;0.96
08/03/2012;1.32;0.96
09/03/2012;1.33;0.95
12/03/2012;1.34;0.96
13/03/2012;1.3;0.94
14/03/2012;1.27;0.91
15/03/2012;1.23;0.9
16/03/2012;1.19;0.89
19/03/2012;1.12;0.85
20/03/2012;1.13;0.89
21/03/2012;1.14;0.87
22/03/2012;1.17;0.89
23/03/2012;1.18;0.91
26/03/2012;1.17;0.91
27/03/2012;1.17;0.89
28/03/2012;1.21;0.91
29/03/2012;1.26;0.93
30/03/2012;1.25;0.92
02/04/2012;1.24;0.9
03/04/2012;1.25;0.9
04/04/2012;1.29;0.92
05/04/2012;1.33;0.96
06/04/2012;1.33;0.99
09/04/2012;1.41;1.01
10/04/2012;1.47;1.04
11/04/2012;1.42;1.02
12/04/2012;1.33;0.97
13/04/2012;1.44;1
16/04/2012;1.45;1.02
17/04/2012;1.38;0.98
18/04/2012;1.43;1
19/04/2012;1.46;1.01
20/04/2012;1.44;0.99
23/04/2012;1.5;1.02
24/04/2012;1.46;1
25/04/2012;1.42;0.99
26/04/2012;1.43;0.98
27/04/2012;1.38;0.94
30/04/2012;1.41;0.95
01/05/2012;1.37;0.93
02/05/2012;1.4;0.95
03/05/2012;1.41;0.95
04/05/2012;1.46;0.99
08/05/2012;1.51;1.02
09/05/2012;1.56;1.03
10/05/2012;1.57;1.02
11/05/2012;1.58;1.05
14/05/2012;1.69;1.13
15/05/2012;1.74;1.16
16/05/2012;1.79;1.18
17/05/2012;1.82;1.19
18/05/2012;1.83;1.22
21/05/2012;1.8;1.21
22/05/2012;1.71;1.15
23/05/2012;1.8;1.22
24/05/2012;1.75;1.18
25/05/2012;1.73;1.17
28/05/2012;1.7;1.17
29/05/2012;1.71;1.17
30/05/2012;1.77;1.21
31/05/2012;1.79;1.23
01/06/2012;1.85;1.26
04/06/2012;1.83;1.28
05/06/2012;1.85;1.28
06/06/2012;1.76;1.22
07/06/2012;1.74;1.2
08/06/2012;1.76;1.22
11/06/2012;1.8;1.23
12/06/2012;1.83;1.26
13/06/2012;1.82;1.24
14/06/2012;1.81;1.22
15/06/2012;1.75;1.19
18/06/2012;1.79;1.2
19/06/2012;1.72;1.16
20/06/2012;1.68;1.15
21/06/2012;1.7;1.16
22/06/2012;1.7;1.16
25/06/2012;1.79;1.2
26/06/2012;1.8;1.2
27/06/2012;1.77;1.17
28/06/2012;1.78;1.19
29/06/2012;1.66;1.14
02/07/2012;1.62;1.1
03/07/2012;1.56;1.06
04/07/2012;1.59;1.07
05/07/2012;1.65;1.09
06/07/2012;1.72;1.13
09/07/2012;1.73;1.13
10/07/2012;1.69;1.09
11/07/2012;1.68;1.11
12/07/2012;1.68;1.13
13/07/2012;1.66;1.12
16/07/2012;1.7;1.14
17/07/2012;1.67;1.12
18/07/2012;1.63;1.09
19/07/2012;1.62;1.08
20/07/2012;1.69;1.12
23/07/2012;1.76;1.13
24/07/2012;1.8;1.16
25/07/2012;1.79;1.16
26/07/2012;1.7;1.12
27/07/2012;1.64;1.08
30/07/2012;1.58;1.07
31/07/2012;1.6;1.07
01/08/2012;1.55;1.06
02/08/2012;1.69;1.1
03/08/2012;1.5;1.04
06/08/2012;1.48;1.03
07/08/2012;1.48;1.02
08/08/2012;1.49;1.03
09/08/2012;1.48;1.03
10/08/2012;1.49;1.04
13/08/2012;1.49;1.03
14/08/2012;1.45;1.02
15/08/2012;1.47;1.03
16/08/2012;1.46;1.02
17/08/2012;1.45;1
20/08/2012;1.41;0.99
21/08/2012;1.38;0.97
22/08/2012;1.42;1
23/08/2012;1.45;1.02
24/08/2012;1.46;1.02
27/08/2012;1.46;1
28/08/2012;1.46;1.01
29/08/2012;1.47;1.01
30/08/2012;1.52;1.02
31/08/2012;1.49;1.02
03/09/2012;1.46;1.02
04/09/2012;1.43;1.02
05/09/2012;1.4;1
06/09/2012;1.32;0.95
07/09/2012;1.26;0.93
10/09/2012;1.3;0.94
11/09/2012;1.28;0.94
12/09/2012;1.25;0.91
13/09/2012;1.27;0.9
14/09/2012;1.19;0.83
17/09/2012;1.21;0.84
18/09/2012;1.23;0.86
19/09/2012;1.21;0.85
21/09/2012;1.27;0.96
24/09/2012;1.31;0.99
25/09/2012;1.35;1
26/09/2012;1.41;1.03
27/09/2012;1.37;0.99
28/09/2012;1.37;0.99
01/10/2012;1.33;0.98
02/10/2012;1.33;0.98
03/10/2012;1.29;0.97
04/10/2012;1.3;0.95
05/10/2012;1.26;0.94
08/10/2012;1.29;0.95
09/10/2012;1.31;0.97
10/10/2012;1.34;0.99
11/10/2012;1.29;0.97
12/10/2012;1.28;0.98
15/10/2012;1.27;0.96
16/10/2012;1.22;0.94
17/10/2012;1.15;0.89
18/10/2012;1.18;0.91
19/10/2012;1.22;0.94
22/10/2012;1.23;0.95
23/10/2012;1.29;0.97
24/10/2012;1.28;0.98
25/10/2012;1.28;0.98
26/10/2012;1.29;0.99
29/10/2012;1.33;1.01
30/10/2012;1.28;1.01
31/10/2012;1.3;1
01/11/2012;1.28;0.97
02/11/2012;1.28;0.96
05/11/2012;1.3;0.98
06/11/2012;1.26;0.96
07/11/2012;1.3;1
08/11/2012;1.31;1.02
09/11/2012;1.31;1.06
12/11/2012;1.32;1.07
13/11/2012;1.31;1.06
14/11/2012;1.31;1.07
15/11/2012;1.36;1.13
16/11/2012;1.37;1.1
19/11/2012;1.32;1.05
20/11/2012;1.28;1.02
21/11/2012;1.26;1
22/11/2012;1.23;1.01
23/11/2012;1.21;0.99
26/11/2012;1.24;1.02
27/11/2012;1.23;1.01
28/11/2012;1.25;1.02
29/11/2012;1.23;1
30/11/2012;1.23;0.99
03/12/2012;1.19;0.98
04/12/2012;1.19;1
05/12/2012;1.18;0.98
06/12/2012;1.17;0.98
07/12/2012;1.18;0.97
10/12/2012;1.19;0.96
11/12/2012;1.15;0.93
12/12/2012;1.14;0.92
13/12/2012;1.15;0.94
14/12/2012;1.16;0.95
17/12/2012;1.15;0.93
18/12/2012;1.11;0.88
19/12/2012;1.1;0.88
20/12/2012;1.09;0.89
21/12/2012;1.12;0.93
24/12/2012;1.12;0.94
27/12/2012;1.15;0.97
28/12/2012;1.15;0.95
31/12/2012;1.18;0.95
02/01/2013;1.07;0.87
03/01/2013;1.03;0.84
04/01/2013;1.04;0.86
07/01/2013;1.03;0.86
08/01/2013;1.03;0.86
09/01/2013;1.03;0.86
10/01/2013;1.03;0.87
11/01/2013;1.02;0.87
14/01/2013;1.04;0.89
15/01/2013;1.05;0.9
16/01/2013;1.04;0.89
17/01/2013;1.03;0.87
18/01/2013;1.04;0.88
21/01/2013;1.02;0.87
22/01/2013;1.04;0.87
23/01/2013;1.05;0.87
24/01/2013;1.06;0.87
25/01/2013;1.05;0.85
28/01/2013;1.06;0.86
29/01/2013;1.09;0.86
30/01/2013;1.11;0.88
31/01/2013;1.12;0.89
01/02/2013;1.11;0.86
04/02/2013;1.18;0.89
05/02/2013;1.16;0.89
06/02/2013;1.18;0.89
07/02/2013;1.19;0.9
08/02/2013;1.16;0.89
11/02/2013;1.16;0.9
12/02/2013;1.14;0.87
13/02/2013;1.12;0.86
14/02/2013;1.11;0.86
15/02/2013;1.13;0.87
18/02/2013;1.13;0.87
19/02/2013;1.11;0.86
20/02/2013;1.11;0.86
21/02/2013;1.15;0.89
22/02/2013;1.13;0.87
25/02/2013;1.14;0.87
26/02/2013;1.23;0.9
27/02/2013;1.17;0.87
28/02/2013;1.16;0.87
01/03/2013;1.18;0.87
04/03/2013;1.16;0.86
05/03/2013;1.13;0.84
06/03/2013;1.11;0.84
07/03/2013;1.08;0.83
08/03/2013;1.04;0.81
11/03/2013;1.04;0.8
12/03/2013;1.06;0.8
13/03/2013;1.06;0.79
14/03/2013;1.04;0.78
15/03/2013;1.05;0.79
18/03/2013;1.09;0.79
19/03/2013;1.14;0.83
20/03/2013;1.13;0.89
21/03/2013;1.19;0.91
22/03/2013;1.2;0.9
25/03/2013;1.21;0.9
26/03/2013;1.23;0.91
27/03/2013;1.29;0.93
28/03/2013;1.26;0.91
02/04/2013;1.21;0.88
03/04/2013;1.21;0.89
04/04/2013;1.21;0.88
05/04/2013;1.24;0.88
08/04/2013;1.16;0.86
09/04/2013;1.15;0.85
10/04/2013;1.1;0.82
11/04/2013;1.08;0.82
12/04/2013;1.08;0.82
15/04/2013;1.12;0.84
16/04/2013;1.11;0.83
17/04/2013;1.13;0.84
18/04/2013;1.15;0.84
19/04/2013;1.14;0.84
22/04/2013;1.11;0.82
23/04/2013;1.07;0.81
24/04/2013;1.06;0.8
25/04/2013;1.06;0.78
26/04/2013;1.05;0.79
29/04/2013;1;0.76
30/04/2013;0.98;0.75
01/05/2013;1.01;0.77
02/05/2013;0.95;0.75
03/05/2013;0.92;0.71
07/05/2013;0.9;0.69
08/05/2013;0.92;0.69
09/05/2013;0.93;0.7
10/05/2013;0.93;0.72
13/05/2013;0.96;0.73
14/05/2013;0.96;0.72
15/05/2013;0.94;0.71
16/05/2013;0.94;0.7
17/05/2013;0.91;0.7
20/05/2013;0.9;0.71
21/05/2013;0.91;0.71
22/05/2013;0.87;0.69
23/05/2013;0.93;0.73
24/05/2013;1.01;0.76
28/05/2013;0.95;0.74
29/05/2013;1;0.78
30/05/2013;1.01;0.77
31/05/2013;1.03;0.78
03/06/2013;1.08;0.81
04/06/2013;1.04;0.81
05/06/2013;1.08;0.85
06/06/2013;1.13;0.88
07/06/2013;1.04;0.81
10/06/2013;1.07;0.83
11/06/2013;1.12;0.85
12/06/2013;1.13;0.86
13/06/2013;1.13;0.85
14/06/2013;1.09;0.82
17/06/2013;1.08;0.82
18/06/2013;1.08;0.82
19/06/2013;1.08;0.81
20/06/2013;1.2;0.91
21/06/2013;1.25;0.93
24/06/2013;1.33;0.98
25/06/2013;1.28;0.94
26/06/2013;1.2;0.89
27/06/2013;1.17;0.86
28/06/2013;1.2;0.86
01/07/2013;1.14;0.84
02/07/2013;1.15;0.84
03/07/2013;1.17;0.85
04/07/2013;1.12;0.84
05/07/2013;1.13;0.87
08/07/2013;1.1;0.85
09/07/2013;1.07;0.81
10/07/2013;1.09;0.81
11/07/2013;1.06;0.79
12/07/2013;1.09;0.79
15/07/2013;1.05;0.77
16/07/2013;1.07;0.78
17/07/2013;1.05;0.77
18/07/2013;1.02;0.74
19/07/2013;1.01;0.74
22/07/2013;0.97;0.72
23/07/2013;1;0.75
24/07/2013;1;0.76
25/07/2013;1.03;0.78
26/07/2013;1.03;0.76
29/07/2013;1.03;0.76
30/07/2013;1;0.76
31/07/2013;1;0.76
01/08/2013;0.97;0.74
02/08/2013;0.96;0.73
05/08/2013;0.95;0.73
06/08/2013;0.96;0.74
07/08/2013;0.97;0.76
08/08/2013;0.96;0.75
09/08/2013;0.96;0.76
12/08/2013;0.96;0.76
13/08/2013;0.95;0.75
14/08/2013;0.95;0.75
15/08/2013;0.99;0.78
16/08/2013;0.99;0.81
19/08/2013;1.03;0.83
20/08/2013;1.03;0.82
21/08/2013;1.06;0.84
22/08/2013;1.05;0.82
23/08/2013;1.01;0.79
26/08/2013;1.02;0.78
27/08/2013;1.08;0.83
28/08/2013;1.06;0.82
29/08/2013;1.05;0.82
30/08/2013;1.07;0.84
02/09/2013;1.04;0.84
03/09/2013;1.05;0.84
04/09/2013;1.05;0.82
05/09/2013;1.06;0.83
06/09/2013;1.04;0.82
09/09/2013;1;0.79
10/09/2013;0.99;0.78
11/09/2013;0.97;0.77
12/09/2013;0.97;0.77
13/09/2013;0.98;0.77
16/09/2013;0.94;0.74
17/09/2013;0.94;0.73
18/09/2013;0.94;0.73
19/09/2013;0.89;0.7
20/09/2013;0.89;0.79
23/09/2013;1;0.8
24/09/2013;0.97;0.78
25/09/2013;0.98;0.79
26/09/2013;0.99;0.79
27/09/2013;1.02;0.8
30/09/2013;1.04;0.82
01/10/2013;0.99;0.81
02/10/2013;0.99;0.8
03/10/2013;1.01;0.81
04/10/2013;0.97;0.79
07/10/2013;0.98;0.82
08/10/2013;1.01;0.84
09/10/2013;1.02;0.84
10/10/2013;0.95;0.8
11/10/2013;0.92;0.77
14/10/2013;0.92;0.77
15/10/2013;0.89;0.77
16/10/2013;0.88;0.74
17/10/2013;0.88;0.72
18/10/2013;0.85;0.71
21/10/2013;0.86;0.72
22/10/2013;0.84;0.71
23/10/2013;0.86;0.72
24/10/2013;0.86;0.72
25/10/2013;0.87;0.72
28/10/2013;0.85;0.72
29/10/2013;0.84;0.72
30/10/2013;0.85;0.73
31/10/2013;0.83;0.73
01/11/2013;0.85;0.74
04/11/2013;0.83;0.73
05/11/2013;0.85;0.74
06/11/2013;0.85;0.73
07/11/2013;0.82;0.72
08/11/2013;0.83;0.72
11/11/2013;0.81;0.71
12/11/2013;0.84;0.73
13/11/2013;0.84;0.73
14/11/2013;0.83;0.72
15/11/2013;0.81;0.71
18/11/2013;0.8;0.71
19/11/2013;0.83;0.72
20/11/2013;0.81;0.72
21/11/2013;0.83;0.72
22/11/2013;0.8;0.69
25/11/2013;0.78;0.68
26/11/2013;0.78;0.68
27/11/2013;0.77;0.69
28/11/2013;0.78;0.69
29/11/2013;0.79;0.7
02/12/2013;0.78;0.69
03/12/2013;0.81;0.7
04/12/2013;0.82;0.71
05/12/2013;0.83;0.71
06/12/2013;0.81;0.69
09/12/2013;0.78;0.68
10/12/2013;0.78;0.68
11/12/2013;0.78;0.69
12/12/2013;0.8;0.7
13/12/2013;0.79;0.7
16/12/2013;0.78;0.69
17/12/2013;0.78;0.7
18/12/2013;0.77;0.7
19/12/2013;0.73;0.67
20/12/2013;0.71;0.65
23/12/2013;0.69;0.63
24/12/2013;0.7;0.62
27/12/2013;0.7;0.63
30/12/2013;0.7;0.64
31/12/2013;0.7;0.62
02/01/2014;0.71;0.63
03/01/2014;0.7;0.63
06/01/2014;0.69;0.63
07/01/2014;0.69;0.64
08/01/2014;0.7;0.65
09/01/2014;0.71;0.65
10/01/2014;0.71;0.64
13/01/2014;0.71;0.65
14/01/2014;0.72;0.65
15/01/2014;0.7;0.64
16/01/2014;0.71;0.65
17/01/2014;0.71;0.65
20/01/2014;0.72;0.65
21/01/2014;0.71;0.66
22/01/2014;0.73;0.66
23/01/2014;0.76;0.67
24/01/2014;0.84;0.72
27/01/2014;0.86;0.73
28/01/2014;0.81;0.71
29/01/2014;0.82;0.72
30/01/2014;0.81;0.71
31/01/2014;0.82;0.72
03/02/2014;0.84;0.74
04/02/2014;0.82;0.73
05/02/2014;0.82;0.74
06/02/2014;0.79;0.7
07/02/2014;0.78;0.68
10/02/2014;0.77;0.68
11/02/2014;0.74;0.66
12/02/2014;0.75;0.65
13/02/2014;0.75;0.65
14/02/2014;0.74;0.64
17/02/2014;0.73;0.64
18/02/2014;0.72;0.64
19/02/2014;0.73;0.65
20/02/2014;0.74;0.65
21/02/2014;0.73;0.65
24/02/2014;0.71;0.64
25/02/2014;0.72;0.64
26/02/2014;0.73;0.64
27/02/2014;0.73;0.64
28/02/2014;0.7;0.62
03/03/2014;0.75;0.65
04/03/2014;0.72;0.63
05/03/2014;0.72;0.62
06/03/2014;0.71;0.62
07/03/2014;0.72;0.63
10/03/2014;0.73;0.64
11/03/2014;0.73;0.64
12/03/2014;0.75;0.65
13/03/2014;0.78;0.67
14/03/2014;0.77;0.67
17/03/2014;0.74;0.65
18/03/2014;0.72;0.64
19/03/2014;0.71;0.62
20/03/2014;0.71;0.72
21/03/2014;0.79;0.7
24/03/2014;0.8;0.71
25/03/2014;0.8;0.72
26/03/2014;0.79;0.71
27/03/2014;0.79;0.71
28/03/2014;0.77;0.7
31/03/2014;0.76;0.69
01/04/2014;0.73;0.68
02/04/2014;0.73;0.67
03/04/2014;0.72;0.67
04/04/2014;0.7;0.67
07/04/2014;0.71;0.68
08/04/2014;0.71;0.68
09/04/2014;0.71;0.67
10/04/2014;0.71;0.67
11/04/2014;0.74;0.69
14/04/2014;0.72;0.68
15/04/2014;0.75;0.7
16/04/2014;0.72;0.68
17/04/2014;0.72;0.68
18/04/2014;0.72;0.68
22/04/2014;0.7;0.65
23/04/2014;0.71;0.66
24/04/2014;0.72;0.66
25/04/2014;0.73;0.67
28/04/2014;0.72;0.66
29/04/2014;0.71;0.65
30/04/2014;0.7;0.65
01/05/2014;0.69;0.64
02/05/2014;0.69;0.64
06/05/2014;0.7;0.65
07/05/2014;0.68;0.65
08/05/2014;0.66;0.64
09/05/2014;0.67;0.64
12/05/2014;0.66;0.63
13/05/2014;0.66;0.62
14/05/2014;0.67;0.63
15/05/2014;0.71;0.65
16/05/2014;0.69;0.65
19/05/2014;0.7;0.65
20/05/2014;0.72;0.66
21/05/2014;0.71;0.66
22/05/2014;0.7;0.64
23/05/2014;0.69;0.63
27/05/2014;0.67;0.63
28/05/2014;0.66;0.63
29/05/2014;0.66;0.63
30/05/2014;0.66;0.62
02/06/2014;0.65;0.62
03/06/2014;0.65;0.62
04/06/2014;0.65;0.62
05/06/2014;0.61;0.6
06/06/2014;0.58;0.57
09/06/2014;0.57;0.57
10/06/2014;0.58;0.58
11/06/2014;0.6;0.58
12/06/2014;0.6;0.59
13/06/2014;0.6;0.6
16/06/2014;0.61;0.6
17/06/2014;0.61;0.6
18/06/2014;0.6;0.6
19/06/2014;0.57;0.56
20/06/2014;0.58;0.57
23/06/2014;0.58;0.56
24/06/2014;0.58;0.56
25/06/2014;0.59;0.57
26/06/2014;0.6;0.57
27/06/2014;0.61;0.58
30/06/2014;0.62;0.58
01/07/2014;0.6;0.57
02/07/2014;0.59;0.57
03/07/2014;0.56;0.55
04/07/2014;0.57;0.55
07/07/2014;0.58;0.56
08/07/2014;0.61;0.58
09/07/2014;0.62;0.58
10/07/2014;0.62;0.58
11/07/2014;0.61;0.58
14/07/2014;0.6;0.57
15/07/2014;0.62;0.57
16/07/2014;0.6;0.57
17/07/2014;0.62;0.58
18/07/2014;0.61;0.59
21/07/2014;0.63;0.6
22/07/2014;0.61;0.58
23/07/2014;0.61;0.58
24/07/2014;0.6;0.58
25/07/2014;0.62;0.59
28/07/2014;0.61;0.59
29/07/2014;0.61;0.59
30/07/2014;0.62;0.6
31/07/2014;0.66;0.63
01/08/2014;0.68;0.67
04/08/2014;0.67;0.65
05/08/2014;0.66;0.65
06/08/2014;0.67;0.66
07/08/2014;0.71;0.67
08/08/2014;0.7;0.67
11/08/2014;0.67;0.63
12/08/2014;0.68;0.63
13/08/2014;0.65;0.61
14/08/2014;0.63;0.6
15/08/2014;0.66;0.6
18/08/2014;0.61;0.57
19/08/2014;0.6;0.57
20/08/2014;0.6;0.57
21/08/2014;0.59;0.56
22/08/2014;0.6;0.57
25/08/2014;0.6;0.56
26/08/2014;0.57;0.56
27/08/2014;0.58;0.56
28/08/2014;0.59;0.56
29/08/2014;0.6;0.57
01/09/2014;0.6;0.57
02/09/2014;0.59;0.57
03/09/2014;0.58;0.57
04/09/2014;0.56;0.57
05/09/2014;0.55;0.57
08/09/2014;0.56;0.57
09/09/2014;0.58;0.58
10/09/2014;0.59;0.59
11/09/2014;0.59;0.59
12/09/2014;0.59;0.6
15/09/2014;0.61;0.61
16/09/2014;0.61;0.6
17/09/2014;0.59;0.59
18/09/2014;0.57;0.57
19/09/2014;0.56;0.56
22/09/2014;0.58;0.58
23/09/2014;0.6;0.6
24/09/2014;0.59;0.6
25/09/2014;0.61;0.62
26/09/2014;0.63;0.65
29/09/2014;0.66;0.68
30/09/2014;0.62;0.65
01/10/2014;0.63;0.65
02/10/2014;0.65;0.65
03/10/2014;0.6;0.59
06/10/2014;0.65;0.67
07/10/2014;0.67;0.68
08/10/2014;0.68;0.69
09/10/2014;0.68;0.69
10/10/2014;0.69;0.69
13/10/2014;0.69;0.72
14/10/2014;0.7;0.72
15/10/2014;0.76;0.77
16/10/2014;0.77;0.74
17/10/2014;0.72;0.7
20/10/2014;0.74;0.72
21/10/2014;0.69;0.67
22/10/2014;0.68;0.67
23/10/2014;0.67;0.66
24/10/2014;0.67;0.66
27/10/2014;0.68;0.65
28/10/2014;0.67;0.65
29/10/2014;0.67;0.65
30/10/2014;0.68;0.65
31/10/2014;0.65;0.64
03/11/2014;0.66;0.64
04/11/2014;0.67;0.65
05/11/2014;0.66;0.65
06/11/2014;0.64;0.65
07/11/2014;0.65;0.66
10/11/2014;0.63;0.65
11/11/2014;0.63;0.64
12/11/2014;0.63;0.64
13/11/2014;0.63;0.65
14/11/2014;0.63;0.65
17/11/2014;0.63;0.66
18/11/2014;0.64;0.67
19/11/2014;0.65;0.67
20/11/2014;0.64;0.66
21/11/2014;0.61;0.64
24/11/2014;0.59;0.62
25/11/2014;0.59;0.61
26/11/2014;0.6;0.6
27/11/2014;0.58;0.6
28/11/2014;0.57;0.61
01/12/2014;0.58;0.63
02/12/2014;0.57;0.62
03/12/2014;0.57;0.62
04/12/2014;0.57;0.62
05/12/2014;0.55;0.62
08/12/2014;0.57;0.64
09/12/2014;0.59;0.66
10/12/2014;0.6;0.67
11/12/2014;0.6;0.67
12/12/2014;0.66;0.72
15/12/2014;0.7;0.74
16/12/2014;0.69;0.75
17/12/2014;0.64;0.71
18/12/2014;0.63;0.65
19/12/2014;0.62;0.65
22/12/2014;0.6;0.65
23/12/2014;0.59;0.65
24/12/2014;0.58;0.64
29/12/2014;0.6;0.65
30/12/2014;0.63;0.66
31/12/2014;0.63;0.66
02/01/2015;0.61;0.67
05/01/2015;0.64;0.7
06/01/2015;0.67;0.71
07/01/2015;0.64;0.7
08/01/2015;0.62;0.69
09/01/2015;0.63;0.7
12/01/2015;0.62;0.7
13/01/2015;0.61;0.71
14/01/2015;0.62;0.73
15/01/2015;0.6;0.72
16/01/2015;0.6;0.72
19/01/2015;0.59;0.71
20/01/2015;0.58;0.73
21/01/2015;0.56;0.71
22/01/2015;0.55;0.69
23/01/2015;0.54;0.67
26/01/2015;0.52;0.66
27/01/2015;0.54;0.67
28/01/2015;0.56;0.68
29/01/2015;0.57;0.69
30/01/2015;0.6;0.7
02/02/2015;0.58;0.7
03/02/2015;0.56;0.67
04/02/2015;0.56;0.66
05/02/2015;0.55;0.66
06/02/2015;0.56;0.65
09/02/2015;0.59;0.66
10/02/2015;0.59;0.66
11/02/2015;0.6;0.67
12/02/2015;0.58;0.66
13/02/2015;0.57;0.65
16/02/2015;0.58;0.66
17/02/2015;0.58;0.65
18/02/2015;0.55;0.65
19/02/2015;0.54;0.64
20/02/2015;0.54;0.64
23/02/2015;0.52;0.63
24/02/2015;0.51;0.62
25/02/2015;0.51;0.62
26/02/2015;0.49;0.61
27/02/2015;0.5;0.61
02/03/2015;0.51;0.61
03/03/2015;0.51;0.62
04/03/2015;0.5;0.62
05/03/2015;0.48;0.61
06/03/2015;0.49;0.62
09/03/2015;0.5;0.63
10/03/2015;0.5;0.65
11/03/2015;0.49;0.65
12/03/2015;0.5;0.64
13/03/2015;0.5;0.66
16/03/2015;0.5;0.65
17/03/2015;0.51;0.65
18/03/2015;0.52;0.66
19/03/2015;0.52;0.64
20/03/2015;0.52;0.63
23/03/2015;0.57;0.62
24/03/2015;0.56;0.62
25/03/2015;0.57;0.64
26/03/2015;0.55;0.64
27/03/2015;0.56;0.65
30/03/2015;0.56;0.64
31/03/2015;0.56;0.64
01/04/2015;0.57;0.64
02/04/2015;0.57;0.62
07/04/2015;0.56;0.6
08/04/2015;0.56;0.6
09/04/2015;0.55;0.61
10/04/2015;0.53;0.6
13/04/2015;0.53;0.61
14/04/2015;0.55;0.62
15/04/2015;0.55;0.6
16/04/2015;0.58;0.61
17/04/2015;0.62;0.63
20/04/2015;0.62;0.62
21/04/2015;0.62;0.62
22/04/2015;0.6;0.62
23/04/2015;0.61;0.61
24/04/2015;0.62;0.62
27/04/2015;0.59;0.61
28/04/2015;0.6;0.61
29/04/2015;0.61;0.63
30/04/2015;0.6;0.64
01/05/2015;0.6;0.63
04/05/2015;0.61;0.63
05/05/2015;0.63;0.64
06/05/2015;0.63;0.65
07/05/2015;0.62;0.65
08/05/2015;0.59;0.63
11/05/2015;0.6;0.64
12/05/2015;0.61;0.65
13/05/2015;0.62;0.65
14/05/2015;0.61;0.64
15/05/2015;0.6;0.63
18/05/2015;0.61;0.63
19/05/2015;0.6;0.63
20/05/2015;0.6;0.64
21/05/2015;0.59;0.64
22/05/2015;0.61;0.64
26/05/2015;0.63;0.65
27/05/2015;0.62;0.63
28/05/2015;0.64;0.64
29/05/2015;0.65;0.64
01/06/2015;0.67;0.64
02/06/2015;0.66;0.64
03/06/2015;0.65;0.65
04/06/2015;0.65;0.66
05/06/2015;0.67;0.67
08/06/2015;0.69;0.68
09/06/2015;0.69;0.69
10/06/2015;0.67;0.66
11/06/2015;0.67;0.66
12/06/2015;0.69;0.68
15/06/2015;0.72;0.69
16/06/2015;0.74;0.69
17/06/2015;0.76;0.7
18/06/2015;0.77;0.68
19/06/2015;0.76;0.68
22/06/2015;0.67;0.65
23/06/2015;0.66;0.66
24/06/2015;0.68;0.66
25/06/2015;0.67;0.66
26/06/2015;0.67;0.67
29/06/2015;0.77;0.71
30/06/2015;0.76;0.71
01/07/2015;0.73;0.69
02/07/2015;0.73;0.68
03/07/2015;0.75;0.68
06/07/2015;0.79;0.7
07/07/2015;0.81;0.72
08/07/2015;0.8;0.72
09/07/2015;0.75;0.72
10/07/2015;0.68;0.69
13/07/2015;0.64;0.68
14/07/2015;0.65;0.67
15/07/2015;0.64;0.67
16/07/2015;0.61;0.65
17/07/2015;0.6;0.66
20/07/2015;0.59;0.65
21/07/2015;0.6;0.67
22/07/2015;0.61;0.68
23/07/2015;0.62;0.69
24/07/2015;0.63;0.72
27/07/2015;0.65;0.73
28/07/2015;0.64;0.72
29/07/2015;0.63;0.71
30/07/2015;0.64;0.71
31/07/2015;0.62;0.7
03/08/2015;0.63;0.72
04/08/2015;0.63;0.72
05/08/2015;0.63;0.72
06/08/2015;0.65;0.75
07/08/2015;0.66;0.76
10/08/2015;0.64;0.74
11/08/2015;0.66;0.76
12/08/2015;0.69;0.77
13/08/2015;0.67;0.76
14/08/2015;0.68;0.77
17/08/2015;0.67;0.76
18/08/2015;0.68;0.78
19/08/2015;0.69;0.8
20/08/2015;0.71;0.8
21/08/2015;0.74;0.82
24/08/2015;0.77;0.86
25/08/2015;0.73;0.84
26/08/2015;0.74;0.85
27/08/2015;0.71;0.78
28/08/2015;0.72;0.8
01/09/2015;0.75;0.84
02/09/2015;0.74;0.84
03/09/2015;0.72;0.82
04/09/2015;0.73;0.84
07/09/2015;0.73;0.83
08/09/2015;0.71;0.81
09/09/2015;0.7;0.8
10/09/2015;0.71;0.8
11/09/2015;0.71;0.8
14/09/2015;0.72;0.8
15/09/2015;0.72;0.79
16/09/2015;0.71;0.75
17/09/2015;0.69;0.76
18/09/2015;0.71;0.77
21/09/2015;0.77;0.82
22/09/2015;0.81;0.83
23/09/2015;0.8;0.84
24/09/2015;0.85;0.87
25/09/2015;0.85;0.87
28/09/2015;0.91;0.93
29/09/2015;0.91;0.94
30/09/2015;0.91;0.93
01/10/2015;0.94;0.96
02/10/2015;0.92;0.94
05/10/2015;0.87;0.9
06/10/2015;0.85;0.88
07/10/2015;0.83;0.84
08/10/2015;0.83;0.84
09/10/2015;0.8;0.81
12/10/2015;0.78;0.81
13/10/2015;0.8;0.83
14/10/2015;0.81;0.84
15/10/2015;0.81;0.85
16/10/2015;0.8;0.82
19/10/2015;0.78;0.81
20/10/2015;0.78;0.8
21/10/2015;0.78;0.81
22/10/2015;0.75;0.8
23/10/2015;0.7;0.79
26/10/2015;0.72;0.78
27/10/2015;0.72;0.79
28/10/2015;0.71;0.77
29/10/2015;0.71;0.79
30/10/2015;0.71;0.78
02/11/2015;0.71;0.78
03/11/2015;0.69;0.76
04/11/2015;0.71;0.77
05/11/2015;0.71;0.78
06/11/2015;0.71;0.79
09/11/2015;0.73;0.81
10/11/2015;0.72;0.81
11/11/2015;0.71;0.81
12/11/2015;0.74;0.82
13/11/2015;0.74;0.84
16/11/2015;0.74;0.86
17/11/2015;0.71;0.83
18/11/2015;0.7;0.82
19/11/2015;0.71;0.83
20/11/2015;0.7;0.84
23/11/2015;0.71;0.84
24/11/2015;0.72;0.86
25/11/2015;0.7;0.84
26/11/2015;0.7;0.85
27/11/2015;0.7;0.84
30/11/2015;0.7;0.84
01/12/2015;0.7;0.83
02/12/2015;0.69;0.82
03/12/2015;0.73;0.83
04/12/2015;0.73;0.82
07/12/2015;0.72;0.83
08/12/2015;0.73;0.85
09/12/2015;0.76;0.86
10/12/2015;0.77;0.87
11/12/2015;0.82;0.94
14/12/2015;0.85;0.95
15/12/2015;0.8;0.9
16/12/2015;0.79;0.9
17/12/2015;0.79;0.92
18/12/2015;0.8;0.95
21/12/2015;0.83;0.95
22/12/2015;0.82;0.93
23/12/2015;0.79;0.91
24/12/2015;0.8;0.92
28/12/2015;0.79;0.92
29/12/2015;0.77;0.9
30/12/2015;0.77;0.88
31/12/2015;0.77;0.88
04/01/2016;0.81;0.91
05/01/2016;0.8;0.91
06/01/2016;0.81;0.92
07/01/2016;0.83;0.95
08/01/2016;0.85;0.97
11/01/2016;0.86;0.99
12/01/2016;0.86;1
13/01/2016;0.87;1.01
14/01/2016;0.9;1.05
15/01/2016;0.96;1.09
18/01/2016;0.98;1.1
19/01/2016;0.95;1.1
20/01/2016;1;1.14
21/01/2016;0.94;1.07
22/01/2016;0.93;1.05
25/01/2016;0.93;1.05
26/01/2016;0.92;1.04
27/01/2016;0.92;1.03
28/01/2016;0.93;1.03
29/01/2016;0.92;1.01
01/02/2016;0.93;1.04
02/02/2016;0.98;1.08
03/02/2016;1.04;1.1
04/02/2016;1.05;1.09
05/02/2016;1.1;1.12
08/02/2016;1.22;1.2
09/02/2016;1.2;1.24
10/02/2016;1.17;1.19
11/02/2016;1.26;1.26
12/02/2016;1.18;1.22
15/02/2016;1.14;1.21
16/02/2016;1.14;1.2
17/02/2016;1.09;1.16
18/02/2016;1.11;1.16
19/02/2016;1.14;1.19
22/02/2016;1.09;1.14
23/02/2016;1.08;1.15
24/02/2016;1.11;1.18
25/02/2016;1.1;1.14
26/02/2016;1.03;1.09
29/02/2016;0.99;1.06
01/03/2016;0.95;1.03
02/03/2016;0.96;1.01
03/03/2016;0.96;1
04/03/2016;0.93;0.95
07/03/2016;0.9;0.94
08/03/2016;0.92;0.96
09/03/2016;0.91;0.96
10/03/2016;0.84;0.95
11/03/2016;0.68;0.85
14/03/2016;0.72;0.85
15/03/2016;0.77;0.88
16/03/2016;0.77;0.91
17/03/2016;0.71;0.83
18/03/2016;0.7;0.83
22/03/2016;0.73;0.8
23/03/2016;0.74;0.81
24/03/2016;0.77;0.83
25/03/2016;0.77;0.84
29/03/2016;0.76;0.83
30/03/2016;0.72;0.8
31/03/2016;0.73;0.78
01/04/2016;0.74;0.78
04/04/2016;0.73;0.76
05/04/2016;0.77;0.79
06/04/2016;0.77;0.79
07/04/2016;0.82;0.81
08/04/2016;0.8;0.82
11/04/2016;0.78;0.8
12/04/2016;0.77;0.8
13/04/2016;0.74;0.78
14/04/2016;0.72;0.78
15/04/2016;0.74;0.8
18/04/2016;0.71;0.78
19/04/2016;0.7;0.77
20/04/2016;0.71;0.74
21/04/2016;0.68;0.73
22/04/2016;0.69;0.74
25/04/2016;0.71;0.74
26/04/2016;0.72;0.75
27/04/2016;0.71;0.75
28/04/2016;0.71;0.75
29/04/2016;0.73;0.79
02/05/2016;0.73;0.79
03/05/2016;0.77;0.81
04/05/2016;0.79;0.84
05/05/2016;0.79;0.85
06/05/2016;0.8;0.85
09/05/2016;0.79;0.84
10/05/2016;0.76;0.81
11/05/2016;0.77;0.81
12/05/2016;0.78;0.82
13/05/2016;0.77;0.82
16/05/2016;0.78;0.81
17/05/2016;0.78;0.82
18/05/2016;0.78;0.83
19/05/2016;0.8;0.85
20/05/2016;0.78;0.84
23/05/2016;0.79;0.83
24/05/2016;0.75;0.81
25/05/2016;0.72;0.78
26/05/2016;0.71;0.77
27/05/2016;0.71;0.77
31/05/2016;0.73;0.77
01/06/2016;0.74;0.77
02/06/2016;0.75;0.78
03/06/2016;0.76;0.78
06/06/2016;0.73;0.76
07/06/2016;0.73;0.73
08/06/2016;0.73;0.73
09/06/2016;0.75;0.75
10/06/2016;0.78;0.78
13/06/2016;0.82;0.81
14/06/2016;0.88;0.84
15/06/2016;0.87;0.84
16/06/2016;0.88;0.85
17/06/2016;0.85;0.83
20/06/2016;0.79;0.8
21/06/2016;0.79;0.8
22/06/2016;0.78;0.78
23/06/2016;0.75;0.77
24/06/2016;0.94;0.86
27/06/2016;0.99;0.9
28/06/2016;0.94;0.87
29/06/2016;0.86;0.81
30/06/2016;0.85;0.79
01/07/2016;0.79;0.77
04/07/2016;0.8;0.76
05/07/2016;0.82;0.79
06/07/2016;0.83;0.78
07/07/2016;0.82;0.77
08/07/2016;0.76;0.73
11/07/2016;0.75;0.72
12/07/2016;0.71;0.7
13/07/2016;0.72;0.72
14/07/2016;0.7;0.71
15/07/2016;0.71;0.72
18/07/2016;0.71;0.72
19/07/2016;0.71;0.71
20/07/2016;0.69;0.7
21/07/2016;0.67;0.7
22/07/2016;0.68;0.71
25/07/2016;0.68;0.73
26/07/2016;0.69;0.74
27/07/2016;0.7;0.75
28/07/2016;0.71;0.75
29/07/2016;0.67;0.74
01/08/2016;0.68;0.75
02/08/2016;0.71;0.77
03/08/2016;0.71;0.75
04/08/2016;0.69;0.74
05/08/2016;0.66;0.71
08/08/2016;0.65;0.71
09/08/2016;0.65;0.71
10/08/2016;0.68;0.72
11/08/2016;0.67;0.71
12/08/2016;0.67;0.72
17/08/2016;0.68;0.72
18/08/2016;0.67;0.7
19/08/2016;0.68;0.71
22/08/2016;0.7;0.72
23/08/2016;0.67;0.71
24/08/2016;0.67;0.71
25/08/2016;0.68;0.71
26/08/2016;0.68;0.71
29/08/2016;0.67;0.71
30/08/2016;0.67;0.71
31/08/2016;0.68;0.73
01/09/2016;0.69;0.73
02/09/2016;0.68;0.72
05/09/2016;0.66;0.72
06/09/2016;0.66;0.72
07/09/2016;0.65;0.72
08/09/2016;0.65;0.72
09/09/2016;0.68;0.74
12/09/2016;0.7;0.76
13/09/2016;0.72;0.78
14/09/2016;0.7;0.76
15/09/2016;0.7;0.75
16/09/2016;0.7;0.76
19/09/2016;0.69;0.75
20/09/2016;0.69;0.81
21/09/2016;0.73;0.81
22/09/2016;0.7;0.77
23/09/2016;0.71;0.76
26/09/2016;0.73;0.78
27/09/2016;0.74;0.78
28/09/2016;0.73;0.77
29/09/2016;0.73;0.77
30/09/2016;0.73;0.75
03/10/2016;0.74;0.76
04/10/2016;0.75;0.75
05/10/2016;0.73;0.75
06/10/2016;0.73;0.75
07/10/2016;0.74;0.75
10/10/2016;0.73;0.74
11/10/2016;0.75;0.75
12/10/2016;0.75;0.76
13/10/2016;0.75;0.76
14/10/2016;0.74;0.76
17/10/2016;0.74;0.76
18/10/2016;0.72;0.75
19/10/2016;0.71;0.74
20/10/2016;0.71;0.74
21/10/2016;0.71;0.74
24/10/2016;0.7;0.74
25/10/2016;0.72;0.74
26/10/2016;0.71;0.75
27/10/2016;0.72;0.76
28/10/2016;0.73;0.76
31/10/2016;0.73;0.78
01/11/2016;0.75;0.8
02/11/2016;0.76;0.8
03/11/2016;0.75;0.8
04/11/2016;0.76;0.8
07/11/2016;0.74;0.78
08/11/2016;0.73;0.76
09/11/2016;0.8;0.76
10/11/2016;0.74;0.75
11/11/2016;0.78;0.76
14/11/2016;0.79;0.78
15/11/2016;0.77;0.76
16/11/2016;0.79;0.75
17/11/2016;0.8;0.75
18/11/2016;0.82;0.76
21/11/2016;0.81;0.76
22/11/2016;0.8;0.75
23/11/2016;0.82;0.74
24/11/2016;0.81;0.74
25/11/2016;0.81;0.73
28/11/2016;0.82;0.74
29/11/2016;0.8;0.73
30/11/2016;0.8;0.73
01/12/2016;0.79;0.74
02/12/2016;0.78;0.73
05/12/2016;0.78;0.72
06/12/2016;0.75;0.7
07/12/2016;0.74;0.69
08/12/2016;0.74;0.68
09/12/2016;0.78;0.68
12/12/2016;0.72;0.68
13/12/2016;0.71;0.67
14/12/2016;0.73;0.68
15/12/2016;0.73;0.69
16/12/2016;0.71;0.69
19/12/2016;0.71;0.68
20/12/2016;0.7;0.67
21/12/2016;0.7;0.66
22/12/2016;0.71;0.67
23/12/2016;0.7;0.67
28/12/2016;0.72;0.68
29/12/2016;0.73;0.68
30/12/2016;0.72;0.67
02/01/2017;0.71;0.67
03/01/2017;0.69;0.67
04/01/2017;0.68;0.64
05/01/2017;0.69;0.64
06/01/2017;0.68;0.64
09/01/2017;0.69;0.65
10/01/2017;0.69;0.65
11/01/2017;0.7;0.66
12/01/2017;0.71;0.67
13/01/2017;0.69;0.66
16/01/2017;0.69;0.66
17/01/2017;0.7;0.67
18/01/2017;0.69;0.67
19/01/2017;0.69;0.66
20/01/2017;0.69;0.66
23/01/2017;0.71;0.67
24/01/2017;0.7;0.66
25/01/2017;0.68;0.65
26/01/2017;0.7;0.65
27/01/2017;0.68;0.64
30/01/2017;0.72;0.66
31/01/2017;0.74;0.67
01/02/2017;0.74;0.66
02/02/2017;0.72;0.66
03/02/2017;0.72;0.64
06/02/2017;0.75;0.65
07/02/2017;0.76;0.65
08/02/2017;0.75;0.66
09/02/2017;0.74;0.66
10/02/2017;0.75;0.65
13/02/2017;0.73;0.64
14/02/2017;0.73;0.63
15/02/2017;0.72;0.63
16/02/2017;0.73;0.64
17/02/2017;0.74;0.64
20/02/2017;0.74;0.64
21/02/2017;0.74;0.63
22/02/2017;0.74;0.63
23/02/2017;0.74;0.62
24/02/2017;0.75;0.63
27/02/2017;0.74;0.63
28/02/2017;0.73;0.62
01/03/2017;0.71;0.6
02/03/2017;0.7;0.6
03/03/2017;0.69;0.6
06/03/2017;0.71;0.61
07/03/2017;0.71;0.61
08/03/2017;0.72;0.63
09/03/2017;0.71;0.64
10/03/2017;0.72;0.64
13/03/2017;0.73;0.65
14/03/2017;0.74;0.66
15/03/2017;0.72;0.64
16/03/2017;0.7;0.62
17/03/2017;0.7;0.61
20/03/2017;0.77;0.68
21/03/2017;0.77;0.7
22/03/2017;0.77;0.69
23/03/2017;0.76;0.68
24/03/2017;0.75;0.68
27/03/2017;0.75;0.68
28/03/2017;0.74;0.67
29/03/2017;0.75;0.68
30/03/2017;0.74;0.67
31/03/2017;0.74;0.66
03/04/2017;0.75;0.67
04/04/2017;0.75;0.67
05/04/2017;0.75;0.65
06/04/2017;0.74;0.65
07/04/2017;0.74;0.65
10/04/2017;0.76;0.65
11/04/2017;0.77;0.66
12/04/2017;0.77;0.67
13/04/2017;0.77;0.67
18/04/2017;0.77;0.69
19/04/2017;0.75;0.68
20/04/2017;0.75;0.68
21/04/2017;0.75;0.67
24/04/2017;0.68;0.65
25/04/2017;0.67;0.63
26/04/2017;0.67;0.63
27/04/2017;0.67;0.64
28/04/2017;0.67;0.64
02/05/2017;0.66;0.63
03/05/2017;0.65;0.63
04/05/2017;0.64;0.63
05/05/2017;0.64;0.63
08/05/2017;0.63;0.62
09/05/2017;0.62;0.62
10/05/2017;0.62;0.62
11/05/2017;0.62;0.62
12/05/2017;0.63;0.63
15/05/2017;0.62;0.62
16/05/2017;0.62;0.62
17/05/2017;0.63;0.64
18/05/2017;0.65;0.65
19/05/2017;0.63;0.64
22/05/2017;0.63;0.63
23/05/2017;0.6;0.62
24/05/2017;0.62;0.62
25/05/2017;0.62;0.62
26/05/2017;0.61;0.62
30/05/2017;0.62;0.62
31/05/2017;0.62;0.62
01/06/2017;0.62;0.61
02/06/2017;0.62;0.6
05/06/2017;0.63;0.6
06/06/2017;0.62;0.61
07/06/2017;0.62;0.61
08/06/2017;0.6;0.61
09/06/2017;0.59;0.6
12/06/2017;0.58;0.61
13/06/2017;0.57;0.59
14/06/2017;0.57;0.59
15/06/2017;0.57;0.6
16/06/2017;0.57;0.61
19/06/2017;0.55;0.6
20/06/2017;0.56;0.61
21/06/2017;0.55;0.62
22/06/2017;0.54;0.61
23/06/2017;0.53;0.61
26/06/2017;0.53;0.6
27/06/2017;0.55;0.61
28/06/2017;0.54;0.6
29/06/2017;0.56;0.61
30/06/2017;0.56;0.61
03/07/2017;0.55;0.61
04/07/2017;0.55;0.61
05/07/2017;0.55;0.61
06/07/2017;0.56;0.61
07/07/2017;0.57;0.62
10/07/2017;0.56;0.62
11/07/2017;0.56;0.62
12/07/2017;0.55;0.6
13/07/2017;0.54;0.59
14/07/2017;0.54;0.58
17/07/2017;0.53;0.57
18/07/2017;0.53;0.58
19/07/2017;0.52;0.57
20/07/2017;0.52;0.57
21/07/2017;0.52;0.57
24/07/2017;0.53;0.57
25/07/2017;0.52;0.56
26/07/2017;0.51;0.56
27/07/2017;0.51;0.57
28/07/2017;0.52;0.58
31/07/2017;0.52;0.57
01/08/2017;0.52;0.57
02/08/2017;0.52;0.56
03/08/2017;0.52;0.57
04/08/2017;0.52;0.57
07/08/2017;0.52;0.58
08/08/2017;0.53;0.58
09/08/2017;0.55;0.6
10/08/2017;0.58;0.61
11/08/2017;0.58;0.61
14/08/2017;0.56;0.6
15/08/2017;0.56;0.6
16/08/2017;0.55;0.59
17/08/2017;0.57;0.61
18/08/2017;0.59;0.62
21/08/2017;0.58;0.62
22/08/2017;0.57;0.61
23/08/2017;0.58;0.61
24/08/2017;0.57;0.61
25/08/2017;0.56;0.6
28/08/2017;0.56;0.6
29/08/2017;0.57;0.6
30/08/2017;0.56;0.59
31/08/2017;0.55;0.59
01/09/2017;0.54;0.58
04/09/2017;0.55;0.58
05/09/2017;0.55;0.59
06/09/2017;0.54;0.59
07/09/2017;0.53;0.59
08/09/2017;0.54;0.6
11/09/2017;0.52;0.58
12/09/2017;0.52;0.56
13/09/2017;0.51;0.56
14/09/2017;0.51;0.56
18/09/2017;0.5;0.56
19/09/2017;0.5;0.55
20/09/2017;0.5;0.58
21/09/2017;0.57;0.59
22/09/2017;0.59;0.6
25/09/2017;0.59;0.6
26/09/2017;0.58;0.59
27/09/2017;0.58;0.58
28/09/2017;0.58;0.57
29/09/2017;0.57;0.56
02/10/2017;0.56;0.55
03/10/2017;0.55;0.54
04/10/2017;0.57;0.55
05/10/2017;0.55;0.54
06/10/2017;0.57;0.54
09/10/2017;0.57;0.54
10/10/2017;0.56;0.54
11/10/2017;0.55;0.55
12/10/2017;0.56;0.55
13/10/2017;0.56;0.55
16/10/2017;0.55;0.54
17/10/2017;0.55;0.54
18/10/2017;0.55;0.54
19/10/2017;0.56;0.54
20/10/2017;0.55;0.52
23/10/2017;0.54;0.52
24/10/2017;0.54;0.53
25/10/2017;0.56;0.54
26/10/2017;0.53;0.54
27/10/2017;0.51;0.53
30/10/2017;0.51;0.53
31/10/2017;0.5;0.53
01/11/2017;0.5;0.53
02/11/2017;0.51;0.53
03/11/2017;0.49;0.53
06/11/2017;0.5;0.53
07/11/2017;0.51;0.54
08/11/2017;0.52;0.55
09/11/2017;0.53;0.56
10/11/2017;0.52;0.56
13/11/2017;0.52;0.56
14/11/2017;0.53;0.57
15/11/2017;0.54;0.57
16/11/2017;0.52;0.56
17/11/2017;0.52;0.55
20/11/2017;0.51;0.55
21/11/2017;0.5;0.53
22/11/2017;0.49;0.53
23/11/2017;0.49;0.53
24/11/2017;0.49;0.52
27/11/2017;0.5;0.53
28/11/2017;0.49;0.53
29/11/2017;0.48;0.53
30/11/2017;0.48;0.52
01/12/2017;0.49;0.53
04/12/2017;0.47;0.51
05/12/2017;0.47;0.51
06/12/2017;0.49;0.52
07/12/2017;0.48;0.52
08/12/2017;0.47;0.51
11/12/2017;0.47;0.51
12/12/2017;0.47;0.5
13/12/2017;0.48;0.5
14/12/2017;0.48;0.5
15/12/2017;0.48;0.5
18/12/2017;0.47;0.5
19/12/2017;0.47;0.5
20/12/2017;0.47;0.49
21/12/2017;0.46;0.49
22/12/2017;0.45;0.49
27/12/2017;0.44;0.49
28/12/2017;0.44;0.49
29/12/2017;0.45;0.49
02/01/2018;0.45;0.49
03/01/2018;0.44;0.47
04/01/2018;0.44;0.46
05/01/2018;0.44;0.46
08/01/2018;0.44;0.46
09/01/2018;0.44;0.46
10/01/2018;0.45;0.46
11/01/2018;0.44;0.47
12/01/2018;0.44;0.47
15/01/2018;0.45;0.47
16/01/2018;0.44;0.48
17/01/2018;0.44;0.48
18/01/2018;0.45;0.48
19/01/2018;0.45;0.48
22/01/2018;0.44;0.47
23/01/2018;0.44;0.47
24/01/2018;0.44;0.47
25/01/2018;0.43;0.46
26/01/2018;0.43;0.46
29/01/2018;0.43;0.46
30/01/2018;0.44;0.48
31/01/2018;0.44;0.47
01/02/2018;0.44;0.47
02/02/2018;0.46;0.49
05/02/2018;0.47;0.5
06/02/2018;0.49;0.54
07/02/2018;0.47;0.52
08/02/2018;0.52;0.59
09/02/2018;0.56;0.63
12/02/2018;0.54;0.59
13/02/2018;0.57;0.6
14/02/2018;0.55;0.59
15/02/2018;0.53;0.55
16/02/2018;0.5;0.52
19/02/2018;0.52;0.51
20/02/2018;0.52;0.53
21/02/2018;0.52;0.54
22/02/2018;0.54;0.55
23/02/2018;0.56;0.58
26/02/2018;0.53;0.55
27/02/2018;0.53;0.54
28/02/2018;0.53;0.55
01/03/2018;0.53;0.57
02/03/2018;0.54;0.57
05/03/2018;0.54;0.56
06/03/2018;0.52;0.55
07/03/2018;0.53;0.57
08/03/2018;0.52;0.57
09/03/2018;0.5;0.55
12/03/2018;0.49;0.54
13/03/2018;0.49;0.54
14/03/2018;0.5;0.55
15/03/2018;0.5;0.55
16/03/2018;0.49;0.54
19/03/2018;0.51;0.55
20/03/2018;0.59;0.63
21/03/2018;0.58;0.62
22/03/2018;0.6;0.64
23/03/2018;0.61;0.66
26/03/2018;0.62;0.67
27/03/2018;0.6;0.65
28/03/2018;0.62;0.68
29/03/2018;0.6;0.66
03/04/2018;0.6;0.68
04/04/2018;0.6;0.67
05/04/2018;0.58;0.63
06/04/2018;0.58;0.64
09/04/2018;0.57;0.64
10/04/2018;0.57;0.63
11/04/2018;0.57;0.63
12/04/2018;0.56;0.62
13/04/2018;0.55;0.61
16/04/2018;0.53;0.6
17/04/2018;0.53;0.59
18/04/2018;0.53;0.59
19/04/2018;0.55;0.6
20/04/2018;0.55;0.61
23/04/2018;0.55;0.61
24/04/2018;0.55;0.63
25/04/2018;0.56;0.63
26/04/2018;0.55;0.61
27/04/2018;0.54;0.6
30/04/2018;0.54;0.61
01/05/2018;0.55;0.62
02/05/2018;0.55;0.61
03/05/2018;0.56;0.62
04/05/2018;0.56;0.62
07/05/2018;0.55;0.62
08/05/2018;0.57;0.63
09/05/2018;0.56;0.61
10/05/2018;0.55;0.6
11/05/2018;0.54;0.59
14/05/2018;0.54;0.6
15/05/2018;0.55;0.6
16/05/2018;0.56;0.61
17/05/2018;0.56;0.61
18/05/2018;0.58;0.61
21/05/2018;0.6;0.62
22/05/2018;0.59;0.61
23/05/2018;0.61;0.62
24/05/2018;0.63;0.63
25/05/2018;0.65;0.63
28/05/2018;0.65;0.63
29/05/2018;0.72;0.67
30/05/2018;0.69;0.66
31/05/2018;0.69;0.67
01/06/2018;0.67;0.66
04/06/2018;0.65;0.64
05/06/2018;0.67;0.65
06/06/2018;0.7;0.64
07/06/2018;0.74;0.65
08/06/2018;0.74;0.67
11/06/2018;0.71;0.65
12/06/2018;0.72;0.64
13/06/2018;0.69;0.63
14/06/2018;0.66;0.62
15/06/2018;0.66;0.61
18/06/2018;0.68;0.61
19/06/2018;0.68;0.63
20/06/2018;0.68;0.62
21/06/2018;0.7;0.65
22/06/2018;0.7;0.64
25/06/2018;0.73;0.67
26/06/2018;0.74;0.66
27/06/2018;0.74;0.67
28/06/2018;0.75;0.68
29/06/2018;0.74;0.67
02/07/2018;0.76;0.68
03/07/2018;0.74;0.68
04/07/2018;0.73;0.67
05/07/2018;0.71;0.67
06/07/2018;0.69;0.65
09/07/2018;0.68;0.63
10/07/2018;0.67;0.62
11/07/2018;0.68;0.63
12/07/2018;0.67;0.63
13/07/2018;0.65;0.61
16/07/2018;0.64;0.61
17/07/2018;0.64;0.61
18/07/2018;0.64;0.61
19/07/2018;0.65;0.61
20/07/2018;0.66;0.62
23/07/2018;0.65;0.62
24/07/2018;0.64;0.61
25/07/2018;0.63;0.6
26/07/2018;0.6;0.58
27/07/2018;0.61;0.59
30/07/2018;0.63;0.59
31/07/2018;0.61;0.58
01/08/2018;0.62;0.59
02/08/2018;0.63;0.59
03/08/2018;0.64;0.6
06/08/2018;0.65;0.59
07/08/2018;0.63;0.58
08/08/2018;0.63;0.58
09/08/2018;0.64;0.58
10/08/2018;0.68;0.61
13/08/2018;0.7;0.62
14/08/2018;0.69;0.62
15/08/2018;0.72;0.63
16/08/2018;0.71;0.62
17/08/2018;0.71;0.62
20/08/2018;0.71;0.61
21/08/2018;0.68;0.6
22/08/2018;0.67;0.6
23/08/2018;0.67;0.6
24/08/2018;0.66;0.6
27/08/2018;0.65;0.59
28/08/2018;0.65;0.59
29/08/2018;0.66;0.59
30/08/2018;0.67;0.6
31/08/2018;0.69;0.61
03/09/2018;0.68;0.6
04/09/2018;0.68;0.61
05/09/2018;0.66;0.6
06/09/2018;0.65;0.6
07/09/2018;0.64;0.6
10/09/2018;0.61;0.58
11/09/2018;0.61;0.58
12/09/2018;0.62;0.58
13/09/2018;0.6;0.56
14/09/2018;0.6;0.56
17/09/2018;0.6;0.56
18/09/2018;0.6;0.56
19/09/2018;0.6;0.56
20/09/2018;0.6;0.61
21/09/2018;0.68;0.62
24/09/2018;0.7;0.63
25/09/2018;0.69;0.63
26/09/2018;0.68;0.61
27/09/2018;0.67;0.6
28/09/2018;0.69;0.6
01/10/2018;0.67;0.58
02/10/2018;0.69;0.58
03/10/2018;0.67;0.58
04/10/2018;0.68;0.61
05/10/2018;0.69;0.61
08/10/2018;0.72;0.62
09/10/2018;0.71;0.62
10/10/2018;0.72;0.64
11/10/2018;0.74;0.65
12/10/2018;0.74;0.65
15/10/2018;0.75;0.65
16/10/2018;0.73;0.65
17/10/2018;0.73;0.64
18/10/2018;0.76;0.66
19/10/2018;0.74;0.67
22/10/2018;0.74;0.67
23/10/2018;0.76;0.69
24/10/2018;0.76;0.68
25/10/2018;0.75;0.69
26/10/2018;0.77;0.7
29/10/2018;0.76;0.7
30/10/2018;0.76;0.71
31/10/2018;0.74;0.68
01/11/2018;0.72;0.68
02/11/2018;0.71;0.66
05/11/2018;0.7;0.66
06/11/2018;0.69;0.65
07/11/2018;0.67;0.63
08/11/2018;0.68;0.63
09/11/2018;0.7;0.66
12/11/2018;0.72;0.67
13/11/2018;0.71;0.68
14/11/2018;0.73;0.71
15/11/2018;0.76;0.74
16/11/2018;0.78;0.74
19/11/2018;0.8;0.77
20/11/2018;0.8;0.78
21/11/2018;0.78;0.77
22/11/2018;0.8;0.78
23/11/2018;0.8;0.8
26/11/2018;0.78;0.8
27/11/2018;0.8;0.8
28/11/2018;0.81;0.76
29/11/2018;0.79;0.75
30/11/2018;0.81;0.76
03/12/2018;0.79;0.75
04/12/2018;0.82;0.77
05/12/2018;0.82;0.79
06/12/2018;0.87;0.81
07/12/2018;0.85;0.8
10/12/2018;0.88;0.83
11/12/2018;0.86;0.8
12/12/2018;0.81;0.77
13/12/2018;0.79;0.77
14/12/2018;0.81;0.78
17/12/2018;0.82;0.81
18/12/2018;0.82;0.81
19/12/2018;0.82;0.81
20/12/2018;0.87;0.89
21/12/2018;0.9;0.91
24/12/2018;0.92;0.94
27/12/2018;0.92;0.91
28/12/2018;0.9;0.89
31/12/2018;0.87;0.88
02/01/2019;0.89;0.87
03/01/2019;0.93;0.89
04/01/2019;0.88;0.85
07/01/2019;0.86;0.81
08/01/2019;0.86;0.8
09/01/2019;0.83;0.78
10/01/2019;0.82;0.79
11/01/2019;0.81;0.78
14/01/2019;0.82;0.78
15/01/2019;0.81;0.77
16/01/2019;0.78;0.76
17/01/2019;0.79;0.76
18/01/2019;0.76;0.73
21/01/2019;0.76;0.72
22/01/2019;0.78;0.75
23/01/2019;0.78;0.75
24/01/2019;0.78;0.75
25/01/2019;0.74;0.72
28/01/2019;0.77;0.74
29/01/2019;0.75;0.73
30/01/2019;0.73;0.71
31/01/2019;0.7;0.66
01/02/2019;0.71;0.66
04/02/2019;0.72;0.67
05/02/2019;0.69;0.65
06/02/2019;0.7;0.65
07/02/2019;0.73;0.68
08/02/2019;0.74;0.69
11/02/2019;0.73;0.67
12/02/2019;0.71;0.66
13/02/2019;0.7;0.64
14/02/2019;0.71;0.65
15/02/2019;0.69;0.63
18/02/2019;0.68;0.62
19/02/2019;0.66;0.61
20/02/2019;0.66;0.61
21/02/2019;0.66;0.62
22/02/2019;0.67;0.62
25/02/2019;0.64;0.6
26/02/2019;0.63;0.6
27/02/2019;0.62;0.6
28/02/2019;0.62;0.6
01/03/2019;0.63;0.6
04/03/2019;0.62;0.6
05/03/2019;0.61;0.6
06/03/2019;0.62;0.61
07/03/2019;0.63;0.63
08/03/2019;0.64;0.65
11/03/2019;0.62;0.61
12/03/2019;0.61;0.59
13/03/2019;0.6;0.58
14/03/2019;0.6;0.58
15/03/2019;0.6;0.58
18/03/2019;0.59;0.57
19/03/2019;0.58;0.57
20/03/2019;0.66;0.67
21/03/2019;0.67;0.65
22/03/2019;0.69;0.67
25/03/2019;0.69;0.69
26/03/2019;0.68;0.68
27/03/2019;0.68;0.68
28/03/2019;0.68;0.67
29/03/2019;0.65;0.64
01/04/2019;0.62;0.62
02/04/2019;0.63;0.62
03/04/2019;0.61;0.62
04/04/2019;0.61;0.62
05/04/2019;0.61;0.6
08/04/2019;0.62;0.6
09/04/2019;0.61;0.6
10/04/2019;0.6;0.6
11/04/2019;0.59;0.59
12/04/2019;0.57;0.57
15/04/2019;0.58;0.57
16/04/2019;0.58;0.57
17/04/2019;0.58;0.57
18/04/2019;0.57;0.57
23/04/2019;0.58;0.58
24/04/2019;0.59;0.58
25/04/2019;0.6;0.58
26/04/2019;0.59;0.58
29/04/2019;0.58;0.57
30/04/2019;0.58;0.58
01/05/2019;0.58;0.58
02/05/2019;0.6;0.6
03/05/2019;0.58;0.58
06/05/2019;0.6;0.59
07/05/2019;0.62;0.61
08/05/2019;0.62;0.61
09/05/2019;0.66;0.63
10/05/2019;0.66;0.63
13/05/2019;0.68;0.65
14/05/2019;0.65;0.63
15/05/2019;0.66;0.64
16/05/2019;0.64;0.62
17/05/2019;0.65;0.62
20/05/2019;0.66;0.64
21/05/2019;0.65;0.63
22/05/2019;0.67;0.64
23/05/2019;0.7;0.66
24/05/2019;0.68;0.65
27/05/2019;0.68;0.65
28/05/2019;0.69;0.66
29/05/2019;0.71;0.68
30/05/2019;0.7;0.67
31/05/2019;0.72;0.69
03/06/2019;0.7;0.7
04/06/2019;0.67;0.66
05/06/2019;0.66;0.65
06/06/2019;0.66;0.64
07/06/2019;0.63;0.62
10/06/2019;0.61;0.6
11/06/2019;0.61;0.6
12/06/2019;0.62;0.61
13/06/2019;0.62;0.6
14/06/2019;0.62;0.61
17/06/2019;0.61;0.61
18/06/2019;0.57;0.58
19/06/2019;0.55;0.58
20/06/2019;0.54;0.55
21/06/2019;0.54;0.55
24/06/2019;0.54;0.55
25/06/2019;0.55;0.57
26/06/2019;0.55;0.57
27/06/2019;0.54;0.56
28/06/2019;0.53;0.54
01/07/2019;0.51;0.53
02/07/2019;0.5;0.53
03/07/2019;0.49;0.52
04/07/2019;0.49;0.52
05/07/2019;0.5;0.53
08/07/2019;0.51;0.54
09/07/2019;0.51;0.54
10/07/2019;0.49;0.53
11/07/2019;0.49;0.53
12/07/2019;0.49;0.53
15/07/2019;0.49;0.53
16/07/2019;0.5;0.55
17/07/2019;0.5;0.54
18/07/2019;0.5;0.54
19/07/2019;0.49;0.53
22/07/2019;0.48;0.53
23/07/2019;0.47;0.52
24/07/2019;0.46;0.5
25/07/2019;0.46;0.51
26/07/2019;0.47;0.51
29/07/2019;0.49;0.52
30/07/2019;0.51;0.53
31/07/2019;0.48;0.52
01/08/2019;0.51;0.53
02/08/2019;0.54;0.57
05/08/2019;0.58;0.61
06/08/2019;0.57;0.61
07/08/2019;0.58;0.62
08/08/2019;0.55;0.58
09/08/2019;0.57;0.59
12/08/2019;0.58;0.61
13/08/2019;0.54;0.57
14/08/2019;0.58;0.62
15/08/2019;0.56;0.62
16/08/2019;0.53;0.59
19/08/2019;0.51;0.56
20/08/2019;0.52;0.56
21/08/2019;0.5;0.55
22/08/2019;0.5;0.55
23/08/2019;0.52;0.57
26/08/2019;0.52;0.57
27/08/2019;0.5;0.57
28/08/2019;0.49;0.55
29/08/2019;0.47;0.54
30/08/2019;0.49;0.54
02/09/2019;0.5;0.54
03/09/2019;0.5;0.55
04/09/2019;0.49;0.54
05/09/2019;0.48;0.52
06/09/2019;0.47;0.51
09/09/2019;0.48;0.51
10/09/2019;0.5;0.52
11/09/2019;0.49;0.51
12/09/2019;0.45;0.5
13/09/2019;0.46;0.5
16/09/2019;0.47;0.51
17/09/2019;0.48;0.52
18/09/2019;0.48;0.52
19/09/2019;0.47;0.51
20/09/2019;0.47;0.59
23/09/2019;0.55;0.59
24/09/2019;0.55;0.6
25/09/2019;0.56;0.61
26/09/2019;0.56;0.6
27/09/2019;0.57;0.61
30/09/2019;0.55;0.6
01/10/2019;0.55;0.6
02/10/2019;0.57;0.63
03/10/2019;0.59;0.64
04/10/2019;0.58;0.61
07/10/2019;0.58;0.61
08/10/2019;0.59;0.62
09/10/2019;0.58;0.62
10/10/2019;0.56;0.6
11/10/2019;0.54;0.58
14/10/2019;0.55;0.57
15/10/2019;0.53;0.56
16/10/2019;0.52;0.56
17/10/2019;0.53;0.56
18/10/2019;0.53;0.56
21/10/2019;0.51;0.54
22/10/2019;0.5;0.54
23/10/2019;0.51;0.54
24/10/2019;0.51;0.55
25/10/2019;0.5;0.54
28/10/2019;0.5;0.53
29/10/2019;0.51;0.54
30/10/2019;0.51;0.55
31/10/2019;0.52;0.55
01/11/2019;0.5;0.53
04/11/2019;0.49;0.52
05/11/2019;0.49;0.51
06/11/2019;0.5;0.52
07/11/2019;0.49;0.51
08/11/2019;0.49;0.51
11/11/2019;0.48;0.51
12/11/2019;0.48;0.51
13/11/2019;0.49;0.52
14/11/2019;0.5;0.53
15/11/2019;0.49;0.51
18/11/2019;0.49;0.51
19/11/2019;0.49;0.52
20/11/2019;0.5;0.53
21/11/2019;0.5;0.53
22/11/2019;0.5;0.52
25/11/2019;0.48;0.51
26/11/2019;0.48;0.5
27/11/2019;0.48;0.49
28/11/2019;0.48;0.5
29/11/2019;0.48;0.5
02/12/2019;0.49;0.51
03/12/2019;0.5;0.52
04/12/2019;0.48;0.51
05/12/2019;0.48;0.5
06/12/2019;0.47;0.49
09/12/2019;0.47;0.5
10/12/2019;0.47;0.5
11/12/2019;0.47;0.5
12/12/2019;0.47;0.49
13/12/2019;0.46;0.48
16/12/2019;0.45;0.47
17/12/2019;0.45;0.46
18/12/2019;0.45;0.46
19/12/2019;0.45;0.46
20/12/2019;0.44;0.45
23/12/2019;0.44;0.45
24/12/2019;0.44;0.45
27/12/2019;0.43;0.44
30/12/2019;0.44;0.45
31/12/2019;0.44;0.45
